Time,bedtime,waketime,inBed,awake,asleep,asleepAvg7,efficiency,efficiencyAvg7,quality,qualityAvg7,deep,deepAvg7,sleepBPM,sleepBPMAvg7,dayBPM,dayBPMAvg7,wakingBPM,wakingBPMAvg7,hrv,hrvAvg7
2021-01-05T21:59:59+09:00,2021-01-05 04:31:00,2021-01-05 09:57:00,05:26:00,00:00:00,05:26:00,05:26:00,100.0,100.0,04:27:12,04:27:12,02:13:22,02:13:22,64.2,64.2,89.3,93.4,60.0,60.0,46,46
2021-01-06T21:59:59+09:00,2021-01-06 02:58:00,2021-01-06 13:02:00,10:04:00,02:31:00,07:33:00,06:29:30,75.0,87.5,06:01:45,05:14:28,03:23:04,02:48:13,70.4,67.3,96.5,94.4,74.0,67.0,38,42
2021-01-07T21:59:59+09:00,2021-01-07 02:00:00,2021-01-07 09:44:00,07:44:00,00:00:00,07:44:00,06:54:20,100.0,91.7,06:42:36,05:43:51,03:44:31,03:06:59,70.7,68.4,91.5,93.7,65.0,66.3,48,44
2021-01-08T21:59:59+09:00,2021-01-08 01:40:00,2021-01-08 09:26:00,07:46:00,00:00:00,07:46:00,07:07:15,100.0,93.8,07:14:44,06:06:34,04:55:08,03:34:01,68.7,68.5,96.5,94.3,70.0,67.2,34,42
2021-01-09T21:59:59+09:00,2021-01-09 03:30:00,2021-01-09 07:31:00,04:01:00,00:00:00,04:01:00,06:30:00,100.0,95.0,03:54:43,05:40:12,02:45:41,03:24:21,72.4,69.3,95.1,94.4,68.0,67.4,22,38
2021-01-10T21:59:59+09:00,2021-01-10 02:16:00,2021-01-10 12:47:00,10:31:00,01:19:00,09:12:00,06:57:00,87.5,93.7,07:39:05,06:00:01,03:04:00,03:20:57,76.4,70.5,,,73.0,68.3,49,40
2021-01-11T21:59:59+09:00,2021-01-11 00:00:00,2021-01-11 17:15:00,17:15:00,00:00:00,17:15:00,08:25:17,100.0,94.6,,,,,,,101.9,95.5,88.0,71.1,13,36
2021-01-12T21:59:59+09:00,2021-01-12 04:18:00,2021-01-12 09:48:00,05:30:00,00:00:00,05:30:00,08:25:51,100.0,94.6,04:42:22,05:48:55,01:45:00,03:07:15,70.3,70.4,91.0,94.5,67.0,72.1,35,34
2021-01-13T21:59:59+09:00,2021-01-13 02:28:00,2021-01-13 12:45:00,10:17:00,04:11:00,06:06:00,08:13:25,59.3,92.4,05:43:10,05:59:46,03:33:30,03:18:42,70.5,71.3,89.1,94.5,60.0,70.1,97,43
2021-01-14T21:59:59+09:00,2021-01-14 03:00:00,2021-01-14 10:20:00,07:20:00,00:06:00,07:14:00,08:09:08,98.6,92.2,06:28:29,06:03:36,03:37:00,03:20:41,66.9,70.8,90.6,93.7,65.0,70.1,50,43
2021-01-15T21:59:59+09:00,2021-01-15 02:01:00,2021-01-15 09:10:00,07:09:00,00:00:00,07:09:00,08:03:51,100.0,92.2,06:04:03,05:58:05,03:03:51,03:14:52,72.8,71.1,93.3,93.9,67.0,69.7,81,50
2021-01-16T21:59:59+09:00,2021-01-16 02:54:00,2021-01-16 10:16:00,07:22:00,00:00:00,07:22:00,08:32:34,100.0,92.2,06:32:45,05:52:05,03:33:23,03:03:12,72.7,71.7,90.6,93.1,65.0,69.3,62,55
2021-01-17T21:59:59+09:00,2021-01-17 03:14:00,2021-01-17 11:31:00,08:17:00,00:00:00,08:17:00,08:24:42,100.0,94.0,07:01:36,06:18:47,03:00:44,03:05:21,73.9,71.9,91.4,92.6,69.0,68.7,103,63
2021-01-18T21:59:59+09:00,2021-01-18 02:16:00,2021-01-18 09:52:00,07:36:00,00:11:00,07:25:00,07:00:25,97.6,93.6,06:11:55,06:06:20,02:54:49,03:04:02,72.7,71.4,98.6,92.1,80.0,67.6,45,68
2021-01-19T21:59:59+09:00,2021-01-19 02:46:00,2021-01-19 09:02:00,06:16:00,00:00:00,06:16:00,07:07:00,100.0,93.6,05:01:03,06:09:00,02:00:19,03:06:13,75.0,72.1,93.9,92.5,75.0,68.7,40,68
2021-01-20T21:59:59+09:00,2021-01-20 01:48:00,2021-01-20 08:09:00,06:21:00,00:01:00,06:20:00,07:09:00,99.7,99.4,05:36:36,06:08:04,03:34:47,03:06:24,77.2,73.0,95.4,93.4,72.0,70.4,31,59
2021-01-21T21:59:59+09:00,2021-01-21 03:24:00,2021-01-21 08:55:00,05:31:00,00:00:00,05:31:00,06:54:17,100.0,99.6,05:08:15,05:56:36,02:53:23,03:00:10,79.6,74.8,96.5,94.3,80.0,72.6,34,56
2021-01-22T21:59:59+09:00,2021-01-22 01:39:00,2021-01-22 09:00:00,07:21:00,00:01:00,07:20:00,06:55:51,99.8,99.6,06:31:11,06:00:28,03:40:00,03:05:20,75.5,75.2,98.6,95.0,71.0,73.1,26,49
2021-01-23T21:59:59+09:00,2021-01-23 02:08:00,2021-01-23 08:46:00,06:38:00,00:00:00,06:38:00,06:49:34,100.0,99.6,06:07:49,05:56:55,04:04:55,03:09:51,77.4,75.9,98.6,96.1,72.0,74.1,33,44
2021-01-24T21:59:59+09:00,2021-01-24 02:15:00,2021-01-24 09:44:00,07:29:00,00:00:00,07:29:00,06:42:42,100.0,99.6,05:54:27,05:47:19,02:29:40,03:05:24,75.8,76.2,95.6,96.7,70.0,74.3,30,34
2021-01-25T21:59:59+09:00,2021-01-25 01:09:00,2021-01-25 08:51:00,07:42:00,00:00:00,07:42:00,06:45:08,100.0,99.9,06:41:37,05:51:34,03:04:48,03:06:50,80.8,77.3,96.9,96.5,72.0,73.1,53,35
2021-01-26T21:59:59+09:00,2021-01-26 02:27:00,2021-01-26 08:53:00,06:26:00,00:00:00,06:26:00,06:46:34,100.0,99.9,05:41:27,05:57:20,03:05:17,03:16:07,78.5,77.8,94.3,96.5,71.0,72.6,40,35
2021-01-27T21:59:59+09:00,2021-01-27 01:17:00,2021-01-27 08:35:00,07:18:00,00:14:00,07:04:00,06:52:51,96.8,99.5,05:51:37,05:59:29,02:46:34,03:09:13,77.7,77.9,97.1,96.8,75.0,73.0,65,40
2021-01-28T21:59:59+09:00,2021-01-28 02:57:00,2021-01-28 09:03:00,06:06:00,00:10:00,05:56:00,06:56:25,97.3,99.1,05:13:33,06:00:15,03:05:44,03:10:59,80.7,78.1,97.2,96.9,75.0,72.3,51,43
2021-01-29T21:59:59+09:00,2021-01-29 03:00:00,2021-01-29 08:40:00,05:40:00,00:00:00,05:40:00,06:42:08,100.0,99.2,04:35:15,05:43:41,02:03:38,02:57:13,79.3,78.6,99.3,97.0,73.0,72.6,33,44
2021-01-30T21:59:59+09:00,2021-01-30 03:43:00,2021-01-30 08:54:00,06:32:00,00:17:00,06:15:00,06:38:51,94.5,98.4,05:25:45,05:37:40,02:59:24,02:47:52,78.8,78.8,90.2,95.8,79.0,73.6,37,44
2021-01-31T21:59:59+09:00,2021-01-31 03:00:00,2021-01-31 09:28:00,06:28:00,00:00:00,06:28:00,06:30:08,100.0,98.4,05:32:16,05:34:30,02:59:05,02:52:04,74.2,78.6,88.8,94.8,78.0,74.7,24,43
2021-02-01T21:59:59+09:00,2021-02-01 01:15:00,2021-02-01 10:59:00,09:44:00,01:45:00,07:59:00,06:32:34,82.0,95.8,06:46:21,05:35:11,03:14:36,02:53:28,72.1,77.3,89.5,93.8,89.0,77.1,33,41
2021-02-02T21:59:59+09:00,2021-02-02 01:34:00,2021-02-02 08:45:00,07:11:00,00:00:00,07:11:00,06:39:00,100.0,95.8,05:59:43,05:37:47,02:28:37,02:48:14,71.6,76.3,88.0,92.9,68.0,76.7,53,42
2021-02-03T21:59:59+09:00,2021-02-03 01:47:00,2021-02-03 08:29:00,06:42:00,00:05:00,06:37:00,06:35:08,98.8,96.1,05:11:15,05:32:01,02:32:42,02:46:15,73.1,75.7,87.7,91.6,69.0,75.9,27,37
2021-02-04T21:59:59+09:00,2021-02-04 00:45:00,2021-02-04 09:22:00,08:37:00,00:00:00,08:37:00,06:58:08,100.0,96.5,07:27:07,05:51:06,03:02:28,02:45:47,72.1,74.5,83.6,89.6,69.0,75.0,39,35
2021-02-05T21:59:59+09:00,2021-02-05 05:01:00,2021-02-05 09:34:00,04:33:00,00:00:00,04:33:00,06:48:34,100.0,96.5,03:47:33,05:44:17,01:46:10,02:43:17,73.3,73.6,91.0,88.4,67.0,74.1,67,40
2021-02-06T21:59:59+09:00,2021-02-06 02:48:00,2021-02-06 09:03:00,06:15:00,00:00:00,06:15:00,06:48:34,100.0,97.3,05:08:36,05:41:50,01:45:00,02:32:39,73.8,72.9,97.0,89.4,71.0,73.0,40,40
2021-02-07T21:59:59+09:00,2021-02-07 02:16:00,2021-02-07 07:45:00,07:29:00,00:02:00,07:27:00,06:57:00,99.4,97.2,06:25:41,05:49:28,04:38:34,02:46:52,77.3,73.3,95.6,90.3,71.0,72.0,54,45
2021-02-08T21:59:59+09:00,2021-02-08 01:53:00,2021-02-08 08:31:00,06:38:00,00:01:00,06:37:00,06:45:17,99.7,99.7,05:59:54,05:42:50,03:26:26,02:48:33,71.6,73.3,89.2,90.3,67.4,68.9,41,46
2021-02-09T21:59:59+09:00,2021-02-09 04:51:00,2021-02-09 09:24:00,04:33:00,00:00:00,04:33:00,06:22:42,100.0,99.7,03:56:01,05:25:10,01:20:18,02:38:48,80.8,74.6,,,77.0,70.2,55,46
2021-02-10T21:59:59+09:00,2021-02-10 00:00:00,2021-02-10 13:00:00,13:00:00,01:00:00,12:00:00,07:08:51,92.3,98.8,,,,,,,96.1,91.4,95.0,73.9,25,46
2021-02-11T21:59:59+09:00,2021-02-11 01:00:00,2021-02-11 11:00:00,10:00:00,00:00:00,10:00:00,07:20:42,100.0,98.8,08:36:33,05:54:29,04:45:00,02:57:42,74.5,74.8,101.3,93.4,70.0,74.1,51,47
2021-02-12T21:59:59+09:00,2021-02-12 03:02:00,2021-02-12 10:09:00,07:07:00,00:00:00,07:07:00,07:42:42,100.0,98.8,05:40:03,05:39:12,02:32:30,02:53:25,72.5,74.8,89.2,94.2,72.0,74.8,59,46
2021-02-13T21:59:59+09:00,2021-02-13 01:55:00,2021-02-13 10:49:00,08:54:00,00:08:00,08:46:00,08:04:17,98.5,98.6,07:29:16,06:10:52,03:21:07,03:06:59,72.9,74.8,98.9,95.3,75.0,75.3,53,48
2021-02-14T21:59:59+09:00,2021-02-14 02:21:00,2021-02-14 08:01:00,05:40:00,00:00:00,05:40:00,07:49:00,100.0,98.7,05:10:46,06:11:11,02:34:33,03:14:04,75.1,75.0,90.7,94.4,70.0,75.2,40,46
2021-02-15T21:59:59+09:00,2021-02-15 02:29:00,2021-02-15 09:51:00,07:22:00,01:14:00,06:08:00,07:44:51,83.3,96.3,04:38:11,05:55:49,01:57:46,02:51:05,78.3,75.1,99.1,94.9,74.0,76.1,31,45
2021-02-16T21:59:59+09:00,2021-02-16 02:52:00,2021-02-16 09:10:00,06:18:00,00:00:00,06:18:00,07:59:51,100.0,96.3,05:29:48,05:51:31,02:53:15,02:46:21,77.9,76.0,97.8,96.1,71.4,75.3,62,46
2021-02-17T21:59:59+09:00,2021-02-17 03:25:00,2021-02-17 09:44:00,06:19:00,00:04:00,06:15:00,07:10:34,98.9,97.2,05:04:28,06:01:18,02:51:52,02:59:26,78.5,75.7,95.0,96.0,75.0,72.5,78,53
2021-02-18T21:59:59+09:00,2021-02-18 02:03:00,2021-02-18 13:41:00,11:38:00,03:43:00,07:55:00,06:52:42,68.1,92.7,06:14:56,05:41:04,02:17:54,02:38:25,82.9,76.9,101.1,96.0,92.0,75.6,45,53
2021-02-19T21:59:59+09:00,2021-02-19 04:55:00,2021-02-19 09:03:00,04:08:00,00:20:00,03:48:00,06:24:17,91.9,91.5,02:55:03,05:17:30,01:11:15,02:26:48,81.5,78.2,98.0,97.2,78.0,76.5,31,49
2021-02-20T21:59:59+09:00,2021-02-20 04:50:00,2021-02-20 10:50:00,06:00:00,00:00:00,06:00:00,06:00:34,100.0,91.7,05:22:22,04:59:22,02:52:10,02:22:40,80.6,79.3,98.7,97.2,73.0,76.2,47,48
2021-02-21T21:59:59+09:00,2021-02-21 03:51:00,2021-02-21 12:11:00,08:20:00,00:00:00,08:20:00,06:23:25,100.0,91.7,07:03:18,05:15:26,03:38:45,02:31:51,81.0,80.1,99.7,98.5,74.0,76.8,33,47
2021-02-22T21:59:59+09:00,2021-02-22 03:40:00,2021-02-22 09:26:00,05:46:00,00:00:00,05:46:00,06:20:17,100.0,94.1,05:02:15,05:18:53,02:37:16,02:37:29,80.5,80.4,98.8,98.4,71.0,76.3,22,45
2021-02-23T21:59:59+09:00,2021-02-23 02:01:00,2021-02-23 09:21:00,07:20:00,00:15:00,07:05:00,06:27:00,96.6,93.6,05:26:47,05:18:27,02:31:47,02:34:25,80.2,80.7,92.4,97.7,79.0,77.4,34,41
2021-02-24T21:59:59+09:00,2021-02-24 05:19:00,2021-02-24 11:47:00,06:28:00,00:00:00,06:28:00,06:28:51,100.0,93.8,05:38:24,05:23:18,02:35:12,02:32:02,77.9,80.7,,,72.0,77.0,39,36
2021-02-26T21:59:59+09:00,2021-02-26 03:03:00,2021-02-26 09:36:00,06:33:00,00:00:00,06:33:00,06:17:08,100.0,98.4,05:10:11,05:14:03,01:30:42,02:25:18,78.5,80.0,92.0,97.3,71.0,74.0,35,34
2021-02-27T21:59:59+09:00,2021-02-27 03:01:00,2021-02-27 10:46:00,07:45:00,00:06:00,07:39:00,06:50:08,98.7,99.3,07:08:40,05:50:17,04:04:48,02:50:05,75.0,79.1,94.5,96.8,71.0,73.0,45,36
2021-02-28T21:59:59+09:00,2021-02-28 02:45:00,2021-02-28 08:35:00,05:50:00,00:01:00,05:49:00,06:48:34,99.7,99.3,04:42:57,05:44:39,02:54:30,02:50:25,76.2,78.5,92.2,95.9,72.0,72.9,33,35
2021-03-01T21:59:59+09:00,2021-03-01 02:30:00,2021-03-01 10:47:00,08:17:00,00:30:00,07:47:00,06:43:51,94.0,98.4,07:01:28,05:44:23,04:01:02,02:53:36,74.5,77.5,90.4,94.6,75.0,73.0,33,35
2021-03-02T21:59:59+09:00,2021-03-02 02:05:00,2021-03-02 09:02:00,06:57:00,00:13:00,06:44:00,06:52:08,96.9,98.0,05:56:59,05:52:12,03:22:00,03:00:00,68.9,75.9,90.7,93.4,66.0,72.3,60,40
2021-03-03T21:59:59+09:00,2021-03-03 00:30:00,2021-03-03 07:38:00,07:08:00,00:01:00,07:07:00,06:52:25,99.8,98.4,05:54:52,05:56:13,03:09:47,03:05:25,74.2,75.0,96.2,94.0,69.0,70.9,43,41
2021-03-04T21:59:59+09:00,2021-03-04 02:00:00,2021-03-04 09:00:00,07:00:00,00:02:00,06:58:00,06:56:42,99.5,98.4,05:48:09,05:57:36,03:29:00,03:13:07,76.9,74.9,93.2,92.8,68.0,70.3,57,44
2021-03-05T21:59:59+09:00,2021-03-05 03:38:00,2021-03-05 11:18:00,07:40:00,00:07:00,07:33:00,07:05:17,98.5,98.1,06:45:05,06:11:10,03:38:41,03:31:24,74.2,74.3,90.0,92.5,74.0,70.7,55,47
2021-03-06T21:59:59+09:00,2021-03-06 04:50:00,2021-03-06 11:18:00,06:28:00,00:08:00,06:20:00,06:54:00,97.9,98.0,05:58:03,06:01:05,03:41:40,03:28:05,72.9,74.0,91.9,92.1,66.0,70.0,55,48
2021-03-07T21:59:59+09:00,2021-03-07 02:16:00,2021-03-07 11:43:00,09:27:00,00:00:00,09:27:00,07:25:08,100.0,98.1,07:38:33,06:26:10,03:13:58,03:30:52,73.4,73.6,96.6,92.7,68.0,69.4,44,50
2021-03-08T21:59:59+09:00,2021-03-08 04:00:00,2021-03-08 08:42:00,05:31:00,00:05:00,05:26:00,07:05:00,98.2,98.7,04:35:53,06:05:22,02:36:43,03:18:49,75.4,73.7,94.6,93.3,71.0,68.9,46,52
2021-03-09T21:59:59+09:00,2021-03-09 02:15:00,2021-03-09 11:30:00,09:15:00,01:20:00,07:55:00,07:15:08,85.6,97.1,06:39:14,06:11:24,03:16:33,03:18:03,75.0,74.6,94.8,93.9,66.0,68.9,63,52
2021-03-10T21:59:59+09:00,2021-03-10 02:49:00,2021-03-10 09:55:00,07:06:00,00:05:00,07:01:00,07:14:17,98.8,96.9,05:29:29,06:07:47,02:09:32,03:09:26,74.2,74.6,82.6,91.9,67.0,68.6,74,56
2021-03-11T21:59:59+09:00,2021-03-11 00:00:00,2021-03-11 08:24:00,08:24:00,00:16:00,08:08:00,07:24:17,96.8,96.6,06:32:15,06:14:05,02:02:00,02:57:01,73.5,74.1,99.2,92.8,67.0,68.4,23,51
2021-03-12T21:59:59+09:00,2021-03-12 05:45:00,2021-03-12 10:10:00,04:25:00,00:00:00,04:25:00,06:57:25,100.0,96.8,03:19:42,05:44:44,01:02:21,02:34:41,69.5,73.4,91.0,92.9,75.0,68.6,51,51
2021-03-13T21:59:59+09:00,2021-03-13 01:24:00,2021-03-13 09:29:00,08:05:00,00:14:00,07:51:00,07:10:25,97.1,96.7,06:13:57,05:47:00,02:47:08,02:26:53,68.2,72.7,90.3,92.7,69.0,69.0,35,48
2021-03-14T21:59:59+09:00,2021-03-14 02:44:00,2021-03-14 10:51:00,08:07:00,00:08:00,07:59:00,06:57:51,98.4,96.4,06:30:27,05:37:17,03:20:52,02:27:52,69.3,72.2,94.4,92.4,72.0,69.6,34,47
2021-03-15T21:59:59+09:00,2021-03-15 00:30:00,2021-03-15 09:48:00,09:18:00,00:46:00,08:32:00,07:24:25,91.8,95.5,06:32:59,05:54:00,02:40:00,02:28:20,74.4,72.0,94.5,92.4,74.0,70.0,40,46
2021-03-16T21:59:59+09:00,2021-03-16 02:44:00,2021-03-16 10:01:00,07:17:00,00:19:00,06:58:00,07:16:17,95.7,96.9,05:31:30,05:44:20,02:34:49,02:22:23,71.6,71.5,96.0,92.6,67.0,70.1,39,42
2021-03-17T21:59:59+09:00,2021-03-17 04:11:00,2021-03-17 08:34:00,04:23:00,00:10:00,04:13:00,06:52:17,96.2,96.6,03:34:03,05:27:51,01:59:04,02:20:53,80.1,72.4,92.8,94.0,68.0,70.3,40,38
2021-03-18T21:59:59+09:00,2021-03-18 00:30:00,2021-03-18 09:02:00,08:32:00,00:17:00,08:15:00,06:53:17,96.7,96.5,07:04:10,05:32:24,03:52:02,02:36:36,71.7,72.1,93.2,93.2,74.0,71.3,38,40
2021-03-19T21:59:59+09:00,2021-03-19 02:00:00,2021-03-19 08:56:00,06:56:00,00:05:00,06:51:00,07:14:08,98.8,96.4,05:20:59,05:49:44,03:02:40,02:53:47,69.1,72.1,,,62.0,69.4,66,42
2021-03-22T21:59:59+09:00,2021-03-22 00:56:00,2021-03-22 09:19:00,08:23:00,00:46:00,07:37:00,07:12:08,90.9,95.5,06:13:35,05:49:40,03:33:16,03:00:23,78.5,73.6,97.8,95.4,71.0,69.7,42,43
2021-03-23T21:59:59+09:00,2021-03-23 05:14:00,2021-03-23 11:57:00,08:41:59,00:40:00,08:01:59,07:12:34,90.1,94.3,06:25:03,05:48:54,01:18:00,02:42:50,90.7,76.6,99.9,96.2,86.0,71.7,21,41
2021-03-24T21:59:59+09:00,2021-03-24 00:15:00,2021-03-24 09:15:00,09:00:00,00:50:00,08:10:00,07:09:25,90.7,94.1,04:57:51,05:35:19,02:38:04,02:42:33,80.5,77.5,100.5,97.1,80.0,72.6,27,39
2021-03-25T21:59:59+09:00,2021-03-25 03:47:00,2021-03-25 08:15:00,04:28:00,00:02:00,04:26:00,06:47:42,99.3,94.7,04:04:10,05:22:50,02:04:08,02:38:10,80.9,78.8,98.8,97.5,70.0,73.0,70,43
2021-03-26T21:59:59+09:00,2021-03-26 01:15:00,2021-03-26 08:30:00,07:15:00,00:00:00,07:15:00,07:13:42,100.0,95.2,06:06:18,05:44:35,03:00:00,02:46:52,73.8,77.9,102.2,98.8,69.0,73.1,47,44
2021-03-27T21:59:59+09:00,2021-03-27 06:13:00,2021-03-27 10:01:00,03:48:00,00:00:00,03:48:00,06:35:34,100.0,95.7,03:12:03,05:11:25,01:54:00,02:30:01,80.5,79.2,94.0,98.9,77.0,73.6,64,48
2021-03-28T21:59:59+09:00,2021-03-28 01:15:00,2021-03-28 12:47:00,11:32:00,00:46:00,10:46:00,07:09:08,93.4,94.9,09:01:26,05:42:55,04:21:29,02:41:16,76.9,80.3,100.3,99.1,71.0,74.9,63,48
2021-03-29T21:59:59+09:00,2021-03-29 04:02:00,2021-03-29 11:50:00,07:48:00,02:30:00,05:18:00,06:49:17,67.9,91.6,04:03:40,05:24:21,,,100.0,83.3,103.8,99.9,94.0,78.1,25,45
2021-03-30T21:59:59+09:00,2021-03-30 02:45:00,2021-03-30 10:27:00,07:42:00,00:02:00,07:40:00,06:46:08,99.6,93.0,06:37:04,05:26:04,03:10:21,02:38:00,73.7,80.9,100.2,100.0,66.0,75.3,87,55
2021-03-31T21:59:59+09:00,2021-03-31 01:30:00,2021-03-31 09:09:00,07:39:00,01:34:00,06:05:00,06:28:17,79.5,91.4,04:49:56,05:24:57,02:32:05,02:48:35,78.9,80.7,97.6,99.6,71.0,74.0,30,55
2021-04-01T21:59:59+09:00,2021-04-01 07:14:00,2021-04-01 12:41:00,05:27:00,00:30:00,04:57:00,06:32:42,90.8,90.2,04:25:32,05:28:00,02:51:57,02:50:34,75.2,79.9,97.6,99.4,69.0,73.9,43,51
2021-04-02T21:59:59+09:00,2021-04-02 04:27:00,2021-04-02 08:01:00,06:18:00,00:00:00,06:18:00,06:24:34,100.0,90.2,05:26:58,05:22:23,03:01:10,02:58:43,73.3,79.8,94.2,98.2,40.0,69.7,44,51
2021-04-03T21:59:59+09:00,2021-04-03 03:15:00,2021-04-03 12:36:00,09:21:00,00:47:00,08:34:00,07:05:25,91.6,89.0,07:16:30,05:57:18,04:09:13,03:08:36,70.3,78.3,94.2,98.3,69.0,68.6,47,48
2021-04-04T21:59:59+09:00,2021-04-03 22:16:00,2021-04-04 09:45:00,11:29:00,01:25:00,10:04:00,06:59:25,87.7,88.2,08:10:03,05:49:57,03:21:20,03:21:05,70.7,77.4,92.8,97.2,66.0,67.9,39,45
2021-04-05T21:59:59+09:00,2021-04-05 02:45:00,2021-04-05 08:58:00,06:13:00,00:00:00,06:13:00,07:07:17,100.0,92.7,04:34:43,05:54:24,02:29:12,03:05:02,67.8,72.8,95.4,96.0,63.0,63.4,52,49
2021-04-06T21:59:59+09:00,2021-04-06 01:58:00,2021-04-06 08:31:00,06:33:00,00:22:00,06:11:00,06:54:34,94.4,92.0,05:04:33,05:41:11,02:25:10,02:58:35,71.1,72.5,90.0,94.5,67.0,63.6,33,41
2021-04-07T21:59:59+09:00,2021-04-07 01:12:00,2021-04-07 09:15:00,08:03:00,00:44:00,07:19:00,07:05:08,90.9,93.6,06:05:26,05:51:58,03:23:49,03:05:58,68.4,71.0,91.1,93.6,64.0,62.6,144,57
2021-04-08T21:59:59+09:00,2021-04-08 01:22:00,2021-04-08 09:21:00,07:59:00,01:03:00,06:56:00,07:22:08,86.8,93.1,05:37:40,06:02:16,02:58:17,03:06:53,74.7,70.9,92.5,92.9,66.0,62.1,58,60
2021-04-09T21:59:59+09:00,2021-04-09 01:45:00,2021-04-09 08:55:00,07:10:00,00:16:00,06:54:00,07:27:17,96.3,92.5,05:56:13,06:06:27,03:11:05,03:08:18,70.3,70.5,82.4,91.2,67.0,66.0,64,62
2021-04-10T21:59:59+09:00,2021-04-10 02:15:00,2021-04-10 07:45:00,05:30:00,00:29:00,05:01:00,06:56:51,91.2,92.5,04:16:38,05:40:45,01:40:20,02:47:01,67.4,70.1,81.3,89.4,65.0,65.4,49,63
2021-04-11T21:59:59+09:00,2021-04-11 01:30:00,2021-04-11 09:22:00,07:52:00,00:08:00,07:44:00,06:36:51,98.3,94.0,06:14:34,05:24:15,02:40:00,02:41:07,67.0,69.5,89.5,88.9,69.0,65.9,34,62
2021-04-12T21:59:59+09:00,2021-04-12 04:15:00,2021-04-12 13:01:00,08:46:00,02:05:00,06:41:00,06:40:51,76.2,90.6,05:53:12,05:35:28,02:49:39,02:44:02,69.8,69.8,88.5,87.9,70.0,66.9,60,63
2021-04-13T21:59:59+09:00,2021-04-13 01:19:00,2021-04-13 09:00:00,07:41:00,00:30:00,07:11:00,06:49:25,93.5,90.5,05:55:59,05:42:49,02:55:36,02:48:23,66.4,69.1,90.4,88.0,59.0,65.7,59,67
2021-04-14T21:59:59+09:00,2021-04-14 00:15:00,2021-04-14 05:00:00,05:30:00,03:45:00,01:45:00,06:01:42,21.1,80.5,01:46:30,05:05:49,01:00:00,02:27:51,73.5,69.9,129.7,93.5,71.8,66.8,84,58
2021-04-15T21:59:59+09:00,2021-04-15 01:30:00,2021-04-15 08:50:00,07:20:00,00:00:00,07:20:00,06:05:08,100.0,82.4,06:36:40,05:14:15,04:33:06,02:41:23,68.4,69.0,87.0,92.7,61.0,66.1,42,56
2021-04-16T21:59:59+09:00,2021-04-16 03:15:00,2021-04-16 09:26:00,06:11:00,00:19:00,05:52:00,05:56:17,94.9,82.2,05:01:46,05:06:28,02:26:40,02:35:03,70.0,68.9,86.3,93.3,65.0,65.8,67,56
2021-04-17T21:59:59+09:00,2021-04-17 06:01:00,2021-04-17 12:43:00,06:42:00,00:11:00,06:31:00,06:09:08,97.3,83.0,05:40:22,05:18:26,03:07:41,02:47:31,69.1,69.2,83.3,93.5,65.0,65.8,81,61
2021-04-18T21:59:59+09:00,2021-04-18 02:00:00,2021-04-18 12:22:00,10:22:00,00:46:00,09:36:00,06:25:08,92.6,82.2,08:22:14,05:36:41,04:32:51,03:03:39,68.4,69.4,88.7,93.4,65.0,65.3,200,85
2021-04-19T21:59:59+09:00,2021-04-19 05:23:00,2021-04-19 06:07:00,02:39:00,00:00:00,02:39:00,05:50:34,100.0,85.6,01:30:27,04:59:08,00:57:30,02:47:37,76.2,70.3,,,72.0,65.5,29,80
2021-04-21T21:59:59+09:00,2021-04-21 01:25:00,2021-04-21 09:20:00,09:07:00,00:17:00,08:50:00,06:04:42,96.4,86.0,06:43:55,05:05:59,01:01:04,02:31:16,71.5,71.0,96.5,92.4,65.0,66.4,33,76
2021-04-22T21:59:59+09:00,2021-04-22 03:15:00,2021-04-22 09:10:00,05:55:00,00:00:00,05:55:00,06:40:25,100.0,97.3,05:00:03,05:33:38,01:48:03,02:38:07,72.1,70.8,90.6,86.8,67.0,65.7,41,70
2021-04-23T21:59:59+09:00,2021-04-23 02:01:00,2021-04-23 08:28:00,06:27:00,00:13:00,06:14:00,06:31:00,96.6,96.8,05:06:59,05:20:49,02:35:50,02:21:22,65.4,70.4,88.5,87.0,60.0,65.6,67,74
2021-04-24T21:59:59+09:00,2021-04-24 02:15:00,2021-04-24 09:38:00,07:23:00,00:00:00,07:23:00,06:44:00,100.0,97.6,06:22:16,05:32:19,03:03:19,02:26:36,68.3,70.1,95.9,88.4,64.0,65.4,37,70
2021-04-25T21:59:59+09:00,2021-04-25 03:27:00,2021-04-25 10:29:00,07:02:00,00:14:00,06:48:00,06:46:25,96.7,97.5,05:52:04,05:34:00,02:46:13,02:23:32,70.5,70.3,85.2,88.6,64.0,65.3,43,64
2021-04-26T21:59:59+09:00,2021-04-26 03:20:00,2021-04-26 09:49:00,06:29:00,00:00:00,06:29:00,06:19:42,100.0,98.5,05:33:45,05:09:56,02:35:36,02:06:47,73.0,71.0,88.1,88.6,67.0,65.6,39,41
2021-04-27T21:59:59+09:00,2021-04-27 01:58:00,2021-04-27 09:17:00,07:19:00,01:46:00,05:33:00,06:44:34,75.9,95.1,04:40:42,05:37:06,02:16:14,02:18:02,70.6,70.2,90.5,90.8,62.0,64.1,53,45
2021-04-28T21:59:59+09:00,2021-04-28 01:41:00,2021-04-28 10:19:00,08:38:00,00:08:00,08:30:00,06:41:42,98.5,95.4,07:24:30,05:42:54,03:59:04,02:43:28,67.9,69.7,90.0,89.8,66.0,64.3,67,50
2021-04-29T21:59:59+09:00,2021-04-29 01:56:00,2021-04-29 12:49:00,10:53:00,02:19:00,08:34:00,07:04:25,78.7,92.3,07:38:38,06:05:34,04:17:00,03:04:45,80.1,70.8,87.9,89.5,74.0,65.3,78,55
2021-04-30T21:59:59+09:00,2021-04-30 01:40:00,2021-04-30 09:41:00,08:01:00,00:33:00,07:28:00,07:15:00,93.1,91.8,06:20:50,06:16:06,03:51:43,03:15:35,67.7,71.2,94.7,90.3,63.0,65.7,75,56
2021-05-01T21:59:59+09:00,2021-05-01 01:41:00,2021-05-01 08:49:00,07:08:00,00:06:00,07:02:00,07:12:00,98.6,91.6,06:22:11,06:16:06,03:38:49,03:20:39,76.7,72.4,92.7,89.9,70.0,66.6,35,56
2021-05-02T21:59:59+09:00,2021-05-02 00:31:00,2021-05-02 08:51:00,08:20:00,00:00:00,08:20:00,07:25:08,100.0,92.1,06:33:20,06:21:59,02:31:31,03:18:33,70.5,72.4,94.2,91.2,79.0,68.7,49,57
2021-05-03T21:59:59+09:00,2021-05-03 01:41:00,2021-05-03 09:09:00,07:28:00,00:00:00,07:28:00,07:33:34,100.0,92.1,05:46:13,06:23:46,02:03:35,03:13:59,75.9,72.8,96.5,92.4,72.0,69.4,40,57
2021-05-04T21:59:59+09:00,2021-05-04 01:15:00,2021-05-04 08:49:00,07:34:00,00:24:00,07:10:00,07:47:25,94.7,94.8,05:28:21,06:30:35,02:33:34,03:16:28,71.4,72.9,93.2,92.7,70.0,70.6,43,55
2021-05-05T21:59:59+09:00,2021-05-05 01:25:00,2021-05-05 08:48:00,07:23:00,00:13:00,07:10:00,07:36:00,97.1,94.6,06:11:50,06:20:12,02:28:17,03:03:29,73.2,73.6,98.0,93.9,70.0,71.1,41,52
2021-05-06T21:59:59+09:00,2021-05-06 01:45:00,2021-05-06 09:19:00,07:34:00,00:07:00,07:27:00,07:26:25,98.5,97.4,06:36:32,06:11:20,03:35:13,02:57:31,70.8,72.3,,,68.0,70.3,33,45
2021-05-07T21:59:59+09:00,2021-05-06 23:45:00,2021-05-07 09:00:00,09:15:00,00:00:00,09:15:00,07:41:42,100.0,98.4,,,,,,,90.2,94.2,,,,
2021-05-08T21:59:59+09:00,2021-05-08 03:28:00,2021-05-08 11:51:00,08:23:00,00:58:00,07:25:00,07:45:00,88.5,97.0,06:26:41,06:12:10,03:26:36,02:53:56,70.9,72.8,87.4,93.2,76.0,72.1,88,47
2021-05-09T21:59:59+09:00,2021-05-09 03:30:00,2021-05-09 09:46:00,06:16:00,00:00:00,06:16:00,07:27:17,100.0,97.0,04:42:36,05:57:56,01:30:14,02:35:34,69.4,71.7,93.4,93.3,68.0,71.9,63,51
2021-05-10T21:59:59+09:00,2021-05-10 02:00:00,2021-05-10 09:01:00,07:01:00,00:52:00,06:09:00,07:16:00,87.6,95.2,05:20:21,05:47:30,02:56:29,02:39:08,67.2,71.3,85.1,92.0,61.0,69.3,39,50
2021-05-11T21:59:59+09:00,2021-05-11 01:01:00,2021-05-11 08:29:00,08:10:00,00:18:00,07:52:00,07:22:00,96.0,95.4,06:14:18,05:51:31,02:55:11,02:46:30,64.3,69.6,80.7,89.7,67.0,68.6,58,52
2021-05-12T21:59:59+09:00,2021-05-12 03:16:00,2021-05-12 09:17:00,06:01:00,00:00:00,06:01:00,07:12:08,100.0,95.8,04:39:16,05:44:30,01:45:18,02:39:36,65.6,68.8,85.3,88.6,64.8,67.8,40,52
2021-05-13T21:59:59+09:00,2021-05-13 03:07:00,2021-05-13 09:03:00,05:56:00,00:14:00,05:42:00,06:57:08,96.1,95.5,05:21:28,05:37:19,03:22:05,02:47:18,67.5,68.0,82.5,86.4,67.0,67.4,96,60
2021-05-14T21:59:59+09:00,2021-05-14 02:45:00,2021-05-14 08:43:00,05:58:00,00:14:00,05:44:00,06:27:00,96.1,94.9,04:45:34,05:21:28,01:59:39,02:33:38,64.2,67.0,88.1,86.1,59.0,66.1,56,63
2021-05-15T21:59:59+09:00,2021-05-15 02:38:00,2021-05-15 07:15:00,04:37:00,00:00:00,04:37:00,06:03:00,100.0,96.5,04:16:24,05:02:51,02:18:30,02:23:55,63.1,65.9,90.2,86.5,56.0,63.3,75,61
2021-05-16T21:59:59+09:00,2021-05-16 01:28:00,2021-05-16 09:56:00,08:28:00,00:00:00,08:28:00,06:21:51,100.0,96.5,07:34:51,05:27:27,04:06:18,02:46:12,67.9,65.7,,,65.0,62.8,61,61
2021-05-17T21:59:59+09:00,2021-05-16 22:15:00,2021-05-17 17:00:00,18:45:00,00:00:00,18:45:00,08:09:51,100.0,98.3,,,,,,,94.2,86.6,,,,
2021-05-18T21:59:59+09:00,2021-05-18 00:45:00,2021-05-18 10:12:00,09:27:00,01:25:00,08:02:00,08:11:17,85.0,96.7,06:50:45,05:40:22,03:12:48,02:48:32,71.3,66.3,94.1,87.9,93.0,67.4,62,64
2021-05-19T21:59:59+09:00,2021-05-19 01:14:00,2021-05-19 09:23:00,08:09:00,00:00:00,08:09:00,08:29:34,100.0,96.7,07:16:43,05:49:17,04:04:30,02:58:26,68.3,66.8,91.8,89.5,71.0,68.0,42,62
2021-05-20T21:59:59+09:00,2021-05-20 01:18:00,2021-05-20 09:01:00,07:43:00,00:26:00,07:17:00,08:43:08,94.4,96.5,06:16:17,06:03:09,03:30:58,03:13:32,67.0,67.0,89.9,90.1,66.0,68.1,69,66
2021-05-21T21:59:59+09:00,2021-05-21 03:02:00,2021-05-21 09:02:00,06:00:00,00:15:00,05:45:00,08:43:17,95.8,96.5,05:04:44,06:00:45,03:00:00,03:10:23,67.8,67.1,91.2,91.3,64.0,67.7,59,61
2021-05-22T21:59:59+09:00,2021-05-21 23:58:00,2021-05-22 07:32:00,07:34:00,00:00:00,07:34:00,09:08:34,100.0,96.5,06:01:34,06:11:37,02:31:20,03:14:54,71.2,68.1,89.2,91.5,66.0,68.7,100,67
2021-05-23T21:59:59+09:00,2021-05-23 01:53:00,2021-05-23 12:14:00,10:21:00,01:57:00,08:24:00,09:08:00,81.2,93.8,07:08:02,06:36:08,03:33:49,03:25:40,74.0,69.6,88.6,91.3,76.0,71.6,77,67
2021-05-24T21:59:59+09:00,2021-05-24 03:31:00,2021-05-24 09:01:00,05:30:00,00:10:00,05:20:00,07:13:00,97.0,93.3,04:25:27,06:09:05,02:01:54,03:07:54,69.9,69.9,85.3,90.0,64.0,71.4,80,70
2021-05-25T21:59:59+09:00,2021-05-25 01:00:00,2021-05-25 09:31:00,08:31:00,01:54:00,06:37:00,07:00:51,77.7,92.3,05:25:50,05:56:57,02:02:09,02:57:48,65.9,69.2,90.8,89.5,78.0,69.3,87,73
2021-05-26T21:59:59+09:00,2021-05-26 01:21:00,2021-05-26 08:21:00,07:00:00,00:00:00,07:00:00,06:51:00,100.0,92.3,06:24:23,05:49:28,03:37:47,02:53:59,71.9,69.7,94.7,89.9,69.0,69.0,52,75
2021-05-27T21:59:59+09:00,2021-05-27 02:22:00,2021-05-27 07:37:00,05:15:00,00:00:00,05:15:00,06:33:34,100.0,93.1,04:34:24,05:34:55,02:21:45,02:44:06,75.1,70.8,92.0,90.2,69.0,69.4,41,71
2021-05-28T21:59:59+09:00,2021-05-27 23:40:00,2021-05-28 08:15:00,08:35:00,00:04:00,08:31:00,06:57:17,99.2,93.6,07:24:19,05:54:51,02:50:20,02:42:43,83.6,73.1,99.0,91.4,83.0,72.1,34,67
2021-05-29T21:59:59+09:00,2021-05-29 00:01:00,2021-05-29 08:59:00,08:58:00,00:03:00,08:55:00,07:08:51,99.4,93.5,06:57:36,06:02:52,02:37:21,02:43:35,70.8,73.0,94.0,92.0,65.0,72.0,42,59
2021-05-30T21:59:59+09:00,2021-05-30 01:52:00,2021-05-30 08:15:00,06:23:00,00:02:00,06:21:00,06:51:17,99.5,96.1,05:30:53,05:48:59,03:02:13,02:39:04,68.2,72.2,88.9,92.1,64.0,70.3,41,54
2021-05-31T21:59:59+09:00,2021-05-31 01:20:00,2021-05-31 09:41:00,08:21:00,00:00:00,08:21:00,07:17:08,100.0,96.5,06:57:00,06:10:38,03:39:11,02:52:58,66.9,71.8,92.3,93.1,65.0,70.4,71,52
2021-06-01T21:59:59+09:00,2021-06-01 01:33:00,2021-06-01 07:50:00,06:17:00,00:30:00,05:47:00,07:10:00,92.0,98.6,05:06:08,06:07:49,03:09:16,03:02:33,73.7,72.9,90.4,93.0,70.0,69.3,32,45
2021-06-02T21:59:59+09:00,2021-06-02 02:43:00,2021-06-02 08:43:00,06:00:00,00:00:00,06:00:00,07:01:25,100.0,98.6,05:28:21,05:59:49,02:52:10,02:56:02,74.2,73.2,87.1,92.0,69.0,69.3,67,47
2021-06-03T21:59:59+09:00,2021-06-03 04:53:00,2021-06-03 16:00:00,11:07:00,03:27:00,07:40:00,07:22:08,69.0,94.2,06:44:11,06:18:21,03:34:40,03:06:27,70.1,72.5,88.7,91.5,64.0,68.6,70,51
2021-06-04T21:59:59+09:00,2021-06-04 02:31:00,2021-06-04 07:00:00,05:22:00,00:01:00,05:21:00,06:55:00,99.6,94.2,04:56:08,05:57:11,03:30:39,03:12:12,71.9,70.8,89.8,90.2,70.0,66.7,35,51
2021-06-05T21:59:59+09:00,2021-06-05 04:00:00,2021-06-05 09:17:00,05:17:00,00:00:00,05:17:00,06:23:51,100.0,94.3,04:05:23,05:32:35,02:15:51,03:09:08,73.6,71.2,97.9,90.8,72.0,67.7,57,53
2021-06-06T21:59:59+09:00,2021-06-06 01:15:00,2021-06-06 08:18:00,09:02:00,00:01:00,09:01:00,06:46:42,99.8,94.3,07:10:14,05:46:46,03:20:56,03:11:49,75.1,72.2,94.1,91.5,71.0,68.7,48,54
2021-06-07T21:59:59+09:00,2021-06-07 03:30:00,2021-06-07 08:59:00,05:29:00,00:00:00,05:29:00,06:22:08,100.0,94.3,04:50:33,05:28:43,02:52:20,03:05:07,71.8,72.9,90.5,91.2,68.0,69.1,41,50
2021-06-08T21:59:59+09:00,2021-06-08 05:30:00,2021-06-08 08:01:00,02:31:00,00:00:00,02:31:00,05:54:08,100.0,95.5,02:10:57,05:03:41,01:15:30,02:48:52,66.8,71.9,93.8,91.7,66.0,68.6,35,50
2021-06-09T21:59:59+09:00,2021-06-09 02:30:00,2021-06-09 08:30:00,06:00:00,00:27:00,05:33:00,05:50:17,92.5,94.4,04:42:41,04:57:10,02:10:18,02:42:53,72.8,71.7,88.2,91.9,72.0,69.0,55,49
2021-06-10T21:59:59+09:00,2021-06-10 00:30:00,2021-06-10 06:00:00,05:30:00,00:01:00,05:29:00,05:31:34,99.7,98.8,04:56:11,04:41:44,02:05:20,02:30:07,66.0,71.2,91.8,92.3,59.0,68.3,69,49
2021-06-11T21:59:59+09:00,2021-06-11 00:43:00,2021-06-11 07:30:00,07:49:00,00:04:00,07:45:00,05:52:08,99.0,98.7,06:04:00,04:51:25,03:42:10,02:31:46,61.4,69.7,85.3,91.7,64.0,67.4,47,50
2021-06-12T21:59:59+09:00,2021-06-12 00:00:00,2021-06-12 09:03:00,10:23:00,00:00:00,10:23:00,06:35:51,100.0,98.7,09:05:26,05:34:17,04:46:35,02:53:18,63.0,68.2,87.6,90.2,61.0,65.9,41,48
2021-06-13T21:59:59+09:00,2021-06-13 04:47:00,2021-06-13 10:39:00,05:52:00,00:02:00,05:50:00,06:08:34,99.4,98.7,05:00:27,05:15:45,03:03:20,02:50:47,68.9,67.3,92.0,89.9,67.7,65.4,31,45
2021-06-14T21:59:59+09:00,2021-06-14 00:32:00,2021-06-14 08:40:00,08:08:00,00:04:00,08:04:00,06:30:42,99.2,98.5,06:52:55,05:33:14,04:02:00,03:00:44,69.6,67.0,89.6,89.8,73.0,66.1,61,48
2021-06-15T21:59:59+09:00,2021-06-15 03:16:00,2021-06-15 09:01:00,05:46:00,00:00:00,05:46:00,06:58:34,100.0,98.5,05:09:06,05:58:41,02:45:00,03:13:31,67.6,67.1,88.9,89.1,66.0,66.1,62,52
2021-06-16T21:59:59+09:00,2021-06-16 00:30:00,2021-06-16 07:23:00,06:53:00,00:00:00,06:53:00,07:10:00,100.0,99.6,05:41:22,06:07:04,02:32:58,03:16:46,63.0,65.7,84.9,88.6,59.0,64.2,32,49
2021-06-17T21:59:59+09:00,2021-06-17 01:57:00,2021-06-17 09:54:00,08:24:00,00:00:00,08:24:00,07:35:00,100.0,99.7,07:13:02,06:26:37,04:06:12,03:34:02,67.2,65.8,,,64.0,65.0,57,47
2021-06-18T21:59:59+09:00,2021-06-17 22:00:00,2021-06-18 13:45:00,15:45:00,02:45:00,13:00:00,08:20:00,82.5,97.3,,,,,,,87.3,88.0,,,27,44
2021-06-19T21:59:59+09:00,2021-06-19 02:01:00,2021-06-19 08:32:00,06:31:00,00:00:00,06:31:00,07:46:51,100.0,97.3,05:40:49,06:23:18,02:30:23,03:23:46,67.1,66.6,90.8,88.7,60.0,64.4,83,51
2021-06-20T21:59:59+09:00,2021-06-20 00:30:00,2021-06-20 08:52:00,08:22:00,00:00:00,08:22:00,08:08:34,100.0,97.4,07:15:41,06:07:37,04:33:49,03:21:57,67.6,67.3,,,70.0,65.7,76,57
2021-06-21T21:59:59+09:00,2021-06-21 03:30:00,2021-06-21 10:45:00,07:15:00,00:15:00,07:00:00,07:59:25,96.6,97.0,,,,,,,96.7,90.0,76.2,66.9,34,53
2021-06-22T21:59:59+09:00,2021-06-22 01:51:00,2021-06-22 08:30:00,06:39:00,00:27:00,06:12:00,08:03:08,93.2,96.0,05:20:45,06:10:31,02:35:00,03:17:54,72.4,67.8,89.8,89.7,66.0,65.9,40,50
2021-06-23T21:59:59+09:00,2021-06-23 03:30:00,2021-06-23 08:01:00,04:31:00,00:00:00,04:31:00,07:42:51,100.0,96.0,03:57:17,05:45:26,02:30:33,03:04:50,66.9,67.4,81.2,88.5,60.0,65.0,66,55
2021-06-24T21:59:59+09:00,2021-06-24 01:07:00,2021-06-24 10:34:00,09:27:00,00:11:00,09:16:00,07:50:17,98.1,95.8,08:05:46,06:10:40,04:30:03,03:19:51,61.4,66.5,91.5,88.9,59.9,65.2,90,60
2021-06-25T21:59:59+09:00,2021-06-24 23:54:00,2021-06-25 06:43:00,06:49:00,00:00:00,06:49:00,06:57:17,100.0,98.3,05:44:01,06:11:03,03:01:47,03:23:58,70.8,67.6,103.8,91.6,65.0,65.3,31,60
2021-06-26T21:59:59+09:00,2021-06-26 01:42:00,2021-06-26 09:22:00,07:40:00,00:00:00,07:40:00,07:07:08,100.0,98.3,07:12:40,06:11:00,04:36:00,03:28:13,75.4,68.8,90.7,92.1,73.0,67.2,40,54
2021-06-27T21:59:59+09:00,2021-06-27 02:08:00,2021-06-27 14:06:00,11:58:00,01:55:00,10:03:00,07:21:34,84.0,96.0,08:42:05,06:36:53,04:38:18,03:46:30,69.3,69.1,92.8,92.4,79.0,68.4,58,51
2021-06-28T21:59:59+09:00,2021-06-28 01:02:00,2021-06-28 07:53:00,06:51:00,00:01:00,06:50:00,07:20:08,99.8,96.4,05:38:59,06:23:05,01:54:48,03:23:47,77.6,70.5,101.6,93.1,69.0,67.4,32,51
2021-06-29T21:59:59+09:00,2021-06-29 01:45:00,2021-06-29 07:38:00,05:53:00,00:00:00,05:53:00,07:17:25,100.0,97.4,04:46:28,06:18:11,02:02:47,03:19:10,71.9,70.5,91.7,93.3,65.0,67.3,43,51
2021-06-30T21:59:59+09:00,2021-06-30 01:31:00,2021-06-30 06:46:00,05:15:00,00:00:00,05:15:00,07:23:42,100.0,97.4,04:05:52,06:19:24,02:00:00,03:14:49,70.4,71.0,87.1,94.2,65.9,68.1,46,49
2021-07-01T21:59:59+09:00,2021-06-30 23:31:00,2021-07-01 07:32:00,08:01:00,00:03:00,07:58:00,07:12:34,99.4,97.6,06:59:24,06:09:55,04:06:43,03:11:29,68.2,71.9,91.2,94.1,70.0,69.6,67,45
2021-07-02T21:59:59+09:00,2021-07-02 00:15:00,2021-07-02 08:00:00,07:45:00,00:03:00,07:42:00,07:20:08,99.4,97.5,06:33:04,06:16:56,02:49:24,03:09:42,70.1,71.8,87.2,91.8,67.0,69.8,64,50
2021-07-03T21:59:59+09:00,2021-07-03 00:30:00,2021-07-03 08:33:00,08:03:00,00:10:00,07:53:00,07:22:00,97.9,97.2,06:56:04,06:14:34,03:33:37,03:00:48,68.3,70.8,95.5,92.5,65.0,68.7,100,59
2021-07-04T21:59:59+09:00,2021-07-04 00:50:00,2021-07-04 10:59:00,10:09:00,00:01:00,10:08:00,07:22:42,99.8,99.5,08:42:16,06:14:35,03:48:00,02:53:37,76.0,71.8,91.2,92.2,74.0,68.0,42,56
2021-07-05T21:59:59+09:00,2021-07-05 02:15:00,2021-07-05 08:41:00,06:26:00,00:13:00,06:13:00,07:17:25,96.6,99.0,05:00:33,06:09:06,02:25:57,02:58:04,71.4,70.9,90.8,90.7,65.2,67.4,64,61
2021-07-06T21:59:59+09:00,2021-07-06 01:19:00,2021-07-06 08:04:00,06:45:00,00:00:00,06:45:00,07:24:51,100.0,99.0,05:44:04,06:17:19,02:30:00,03:01:57,72.3,71.0,96.6,91.4,69.0,68.0,24,58
2021-07-07T21:59:59+09:00,2021-07-07 01:13:00,2021-07-07 09:22:00,08:09:00,00:00:00,08:09:00,07:49:42,100.0,99.0,06:50:32,06:40:51,03:03:22,03:11:00,73.5,71.4,91.4,92.0,67.0,68.2,30,56
2021-07-08T21:59:59+09:00,2021-07-08 04:01:00,2021-07-08 09:44:00,05:43:00,00:06:00,05:37:00,07:29:34,98.3,98.9,05:00:27,06:23:51,02:56:31,03:00:58,71.5,71.9,,,72.0,68.5,47,53
2021-07-09T21:59:59+09:00,2021-07-09 00:00:00,2021-07-09 09:15:00,09:15:00,00:00:00,09:15:00,07:42:51,100.0,98.9,,,,,,,87.9,91.5,79.0,70.2,,
2021-07-10T21:59:59+09:00,2021-07-10 03:45:00,2021-07-10 08:55:00,05:10:00,00:06:00,05:04:00,07:18:42,98.1,99.0,04:34:03,06:06:51,02:24:00,02:57:21,68.9,71.7,87.7,91.6,69.0,70.7,82,56
2021-07-11T21:59:59+09:00,2021-07-11 02:15:00,2021-07-11 08:00:00,05:45:00,00:01:00,05:44:00,06:41:00,99.7,99.0,05:07:31,05:51:21,02:52:00,02:51:24,65.6,71.3,84.6,90.0,61.0,68.9,48,48
2021-07-12T21:59:59+09:00,2021-07-12 02:53:00,2021-07-12 09:00:00,06:07:00,00:00:00,06:07:00,06:40:08,100.0,99.4,05:26:52,05:23:26,03:18:48,02:47:14,67.4,70.1,,,63.0,68.6,48,49
2021-07-13T21:59:59+09:00,2021-07-13 03:45:00,2021-07-13 08:00:00,04:15:00,00:00:00,04:15:00,06:18:42,100.0,99.4,,,,,,,86.9,89.4,,,,
2021-07-14T21:59:59+09:00,2021-07-14 02:29:00,2021-07-14 09:05:00,07:49:00,00:00:00,07:49:00,06:15:51,100.0,99.4,07:03:48,05:41:02,04:43:13,03:06:50,63.2,68.9,82.8,88.3,55.3,66.6,54,47
2021-07-15T21:59:59+09:00,2021-07-15 02:15:00,2021-07-15 09:10:00,06:55:00,00:00:00,06:55:00,06:27:00,100.0,99.7,05:54:27,05:42:32,02:33:42,03:07:22,63.8,67.7,82.7,86.3,59.0,65.5,58,52
2021-07-16T21:59:59+09:00,2021-07-16 03:45:00,2021-07-16 10:30:00,06:45:00,00:40:00,06:05:00,05:59:51,90.1,98.3,05:06:24,05:27:39,02:01:40,02:58:33,60.3,65.8,81.6,84.9,58.0,63.5,121,65
2021-07-17T21:59:59+09:00,2021-07-17 03:15:00,2021-07-17 09:45:00,06:30:00,00:01:00,06:29:00,06:12:00,99.7,98.5,06:15:12,05:38:20,04:24:31,03:11:07,61.7,64.4,85.2,84.5,58.0,60.5,84,71
2021-07-18T21:59:59+09:00,2021-07-18 04:01:00,2021-07-18 11:02:00,07:01:00,00:09:00,06:52:00,06:21:42,97.9,98.2,06:13:00,05:52:28,03:33:38,03:21:04,60.8,63.2,83.4,83.9,57.0,58.8,54,67
2021-07-19T21:59:59+09:00,2021-07-19 02:14:00,2021-07-19 09:30:00,07:16:00,01:27:00,05:49:00,06:19:08,80.0,95.4,04:49:10,05:49:50,03:02:05,03:22:31,66.4,63.4,88.7,84.5,55.0,57.9,50,67
2021-07-20T21:59:59+09:00,2021-07-20 02:56:00,2021-07-20 11:30:00,08:34:00,00:00:00,08:34:00,06:56:08,100.0,95.4,08:17:28,06:14:13,05:02:21,03:37:18,62.5,62.7,,,58.0,57.2,102,75
2021-07-22T21:59:59+09:00,2021-07-22 03:00:00,2021-07-22 11:00:00,08:00:00,00:15:00,07:45:00,06:55:34,96.9,95.0,,,,,,,93.1,85.4,46.0,55.9,24,71
2021-07-23T21:59:59+09:00,2021-07-23 02:13:00,2021-07-23 06:37:00,04:24:00,00:00:00,04:24:00,06:34:00,100.0,95.0,04:17:40,05:50:29,03:06:21,03:23:28,70.0,63.6,88.0,86.1,60.0,56.0,50,69
2021-07-24T21:59:59+09:00,2021-07-24 03:00:00,2021-07-24 13:30:00,10:30:00,02:57:00,07:33:00,06:46:34,71.9,92.3,07:15:03,06:01:59,04:56:48,03:43:54,65.9,63.9,85.4,86.5,78.0,58.9,63,61
2021-07-25T21:59:59+09:00,2021-07-25 15:00:00,2021-07-25 16:15:00,01:15:00,00:00:00,01:15:00,06:01:42,100.0,92.4,00:54:29,05:26:00,00:15:00,03:28:40,65.9,64.7,90.2,87.7,64.0,59.7,61,58
2021-07-26T21:59:59+09:00,2021-07-26 05:33:00,2021-07-26 12:30:00,06:57:00,03:45:00,03:12:00,05:30:17,46.0,85.0,02:42:26,04:55:37,01:28:37,03:03:32,70.7,66.0,84.2,87.6,60.0,60.1,50,57
2021-07-27T21:59:59+09:00,2021-07-27 01:50:00,2021-07-27 09:59:00,08:09:00,00:00:00,08:09:00,05:50:17,100.0,87.8,07:03:27,05:02:49,03:33:56,03:03:35,63.8,66.5,85.8,87.9,55.0,60.1,55,58
2021-07-28T21:59:59+09:00,2021-07-28 03:43:00,2021-07-28 13:35:00,09:52:00,02:45:00,07:07:00,05:37:51,72.1,83.9,06:16:22,05:15:16,03:33:30,03:08:04,66.4,66.4,81.9,87.0,72.0,62.1,47,50
2021-07-29T21:59:59+09:00,2021-07-29 05:04:00,2021-07-29 12:16:00,07:12:00,00:56:00,06:16:00,05:25:08,87.0,82.4,05:28:19,04:51:07,03:30:34,02:54:58,65.2,66.8,81.7,85.3,59.0,64.0,77,58
2021-07-30T21:59:59+09:00,2021-07-30 06:00:00,2021-07-30 10:03:00,04:03:00,00:00:00,04:03:00,05:22:08,100.0,82.4,03:34:17,04:44:55,02:01:30,02:45:42,68.1,66.6,80.8,84.3,61.0,64.1,46,57
2021-07-31T21:59:59+09:00,2021-07-31 05:30:00,2021-07-31 14:13:00,08:43:00,00:01:00,08:42:00,05:32:00,99.8,86.4,07:29:57,04:47:02,03:50:18,02:36:12,66.8,66.7,88.6,84.8,65.0,62.3,38,53
2021-08-01T21:59:59+09:00,2021-08-01 07:16:00,2021-08-01 15:45:00,08:29:00,00:36:00,07:53:00,06:28:51,92.9,85.4,07:07:27,05:40:19,04:04:08,03:08:56,66.4,66.8,81.3,83.5,61.0,61.9,41,50
2021-08-02T21:59:59+09:00,2021-08-02 09:36:00,2021-08-02 12:22:00,04:16:00,00:33:00,03:43:00,06:33:17,80.1,90.3,03:21:09,05:45:51,02:20:00,03:16:16,69.7,66.6,82.5,83.2,68.0,63.0,38,49
2021-08-03T21:59:59+09:00,2021-08-02 23:04:00,2021-08-03 10:40:00,11:36:00,00:22:00,11:14:00,06:59:42,96.8,89.8,09:05:05,06:03:14,03:49:46,03:18:32,64.8,66.8,,,61.0,63.9,91,54
2021-08-04T21:59:59+09:00,2021-08-04 02:30:00,2021-08-04 17:30:00,15:00:00,00:15:00,14:45:00,08:05:08,98.3,93.6,,,,,,,88.5,83.6,84.0,65.6,,
2021-08-05T21:59:59+09:00,2021-08-05 02:30:00,2021-08-05 11:30:00,09:00:00,00:58:00,08:02:00,08:20:17,89.3,93.9,06:37:48,06:06:17,03:30:52,03:18:09,68.2,67.0,,,63.0,66.1,63,56
2021-08-06T21:59:59+09:00,2021-08-06 03:15:00,2021-08-06 14:00:00,10:45:00,02:30:00,08:15:00,08:56:17,76.7,90.6,,,,,,,90.2,84.8,92.0,70.6,32,50
2021-08-07T21:59:59+09:00,2021-08-07 03:16:00,2021-08-07 11:45:00,08:29:00,00:11:00,08:18:00,08:52:51,97.8,90.3,06:32:37,06:15:28,02:30:55,03:09:38,63.8,66.8,82.1,84.9,63.0,70.3,53,51
2021-08-08T21:59:59+09:00,2021-08-08 01:45:00,2021-08-08 18:44:00,16:59:00,06:22:00,10:37:00,09:16:17,62.5,85.9,08:58:49,07:01:50,04:02:40,03:26:57,66.8,66.6,78.2,84.5,75.0,72.3,50,53
2021-08-09T21:59:59+09:00,2021-08-09 02:30:00,2021-08-09 09:04:00,06:34:00,00:00:00,06:34:00,09:40:42,100.0,88.8,05:04:17,06:41:02,01:15:46,03:04:52,64.6,66.3,84.0,83.8,63.0,71.6,48,54
2021-08-10T21:59:59+09:00,2021-08-10 02:54:00,2021-08-10 09:03:00,06:09:00,00:00:00,06:09:00,08:57:08,100.0,89.2,04:55:55,06:22:14,01:16:52,02:40:58,69.4,66.7,89.4,85.0,55.0,70.7,71,58
2021-08-11T21:59:59+09:00,2021-08-11 02:16:00,2021-08-11 10:14:00,08:49:00,00:20:00,08:29:00,08:03:25,95.8,88.9,06:51:01,06:52:13,02:36:08,02:43:17,66.6,66.3,82.4,85.0,71.0,68.9,46,52
2021-08-12T21:59:59+09:00,2021-08-12 01:45:00,2021-08-12 08:55:00,07:10:00,00:02:00,07:08:00,07:55:42,99.5,90.3,05:43:58,06:23:29,02:54:22,02:35:22,65.2,66.4,81.9,84.0,62.0,68.7,53,50
2021-08-13T21:59:59+09:00,2021-08-13 02:00:00,2021-08-13 07:59:00,05:59:00,00:00:00,05:59:00,07:36:17,100.0,93.7,04:44:07,06:07:15,02:44:32,02:28:45,65.9,66.0,84.3,83.2,60.0,64.1,53,54
2021-08-14T21:59:59+09:00,2021-08-14 02:00:00,2021-08-14 07:00:00,05:00:00,00:00:00,05:00:00,07:08:00,100.0,94.0,03:55:50,05:44:51,00:45:00,02:13:37,74.9,67.6,,,66.0,64.6,25,49
2021-08-16T21:59:59+09:00,2021-08-16 01:45:00,2021-08-16 10:18:00,08:33:00,00:00:00,08:33:00,06:50:17,100.0,99.3,06:52:30,05:26:48,02:45:58,02:02:39,62.7,67.1,79.5,82.8,61.0,62.6,89,55
2021-08-17T21:59:59+09:00,2021-08-17 01:15:00,2021-08-17 09:20:00,08:05:00,00:26:00,07:39:00,06:59:34,94.6,98.6,06:16:38,05:37:09,03:09:56,02:18:58,59.0,66.2,79.5,82.2,53.0,61.1,49,55
2021-08-18T21:59:59+09:00,2021-08-18 01:15:00,2021-08-18 09:47:00,08:32:00,00:08:00,08:24:00,07:18:51,98.4,98.3,06:50:18,05:53:29,02:48:00,02:31:59,63.4,65.4,80.8,80.9,63.0,62.3,51,52
2021-08-19T21:59:59+09:00,2021-08-19 02:32:00,2021-08-19 08:45:00,06:13:00,00:00:00,06:13:00,06:59:25,100.0,98.9,04:58:15,05:37:23,02:29:12,02:31:00,59.2,64.3,83.5,81.1,56.0,60.1,77,57
2021-08-20T21:59:59+09:00,2021-08-20 02:15:00,2021-08-20 09:19:00,08:18:00,00:22:00,07:56:00,07:06:17,94.8,98.3,06:37:04,05:44:58,02:06:44,02:24:11,74.1,65.6,83.9,81.4,66.0,60.7,47,56
2021-08-21T21:59:59+09:00,2021-08-21 02:24:00,2021-08-21 10:16:00,07:52:00,01:46:00,06:06:00,07:07:17,77.5,95.1,04:40:12,05:44:24,02:23:13,02:21:09,63.1,65.2,84.6,81.4,61.0,60.9,84,60
2021-08-22T21:59:59+09:00,2021-08-22 02:58:00,2021-08-22 10:44:00,07:46:00,00:13:00,07:33:00,07:29:08,97.2,94.7,06:24:31,06:05:39,02:51:50,02:39:16,65.1,63.8,81.8,81.9,67.0,61.0,35,62
2021-08-23T21:59:59+09:00,2021-08-23 02:26:00,2021-08-23 08:15:00,05:49:00,00:00:00,05:49:00,07:05:42,100.0,94.7,04:48:08,05:47:52,02:46:55,02:39:24,64.7,64.1,85.3,82.8,62.0,61.1,33,54
2021-08-24T21:59:59+09:00,2021-08-23 23:42:00,2021-08-24 05:15:00,05:33:00,00:00:00,05:33:00,06:47:42,100.0,95.4,04:36:58,05:33:38,02:46:30,02:36:03,62.5,64.6,73.1,81.9,59.0,62.0,44,53
2021-08-25T21:59:59+09:00,2021-08-24 23:00:00,2021-08-25 07:50:00,08:50:00,00:00:00,08:50:00,06:51:25,100.0,95.7,07:14:52,05:37:09,03:16:51,02:40:10,60.1,64.1,77.5,81.4,57.0,61.1,49,53
2021-08-26T21:59:59+09:00,2021-08-26 02:54:00,2021-08-26 08:31:00,05:37:00,00:01:00,05:36:00,06:46:08,99.7,95.6,04:27:55,05:32:49,01:52:00,02:34:51,57.7,63.9,81.0,81.0,54.8,61.0,72,52
2021-08-27T21:59:59+09:00,2021-08-27 00:59:00,2021-08-27 08:30:00,09:03:00,02:22:00,06:41:00,06:35:25,68.5,91.9,06:17:33,05:30:01,04:01:09,02:51:12,66.7,62.8,81.5,80.7,61.0,60.3,24,49
2021-08-28T21:59:59+09:00,2021-08-28 03:00:00,2021-08-28 10:29:00,07:29:00,00:38:00,06:51:00,06:41:51,91.5,93.9,05:47:32,05:39:38,02:22:16,02:51:04,58.9,62.2,84.3,80.7,,,88,49
2021-08-29T21:59:59+09:00,2021-08-28 23:37:00,2021-08-29 10:39:00,11:02:00,00:00:00,11:02:00,07:11:42,100.0,94.3,10:10:12,06:11:53,06:09:29,03:19:18,63.3,62.0,90.1,81.8,60.0,60.1,32,49
2021-08-30T21:59:59+09:00,2021-08-30 01:01:00,2021-08-30 08:45:00,07:44:00,00:23:00,07:21:00,07:24:51,95.0,93.5,06:01:45,06:22:24,02:32:04,03:17:11,66.3,62.2,85.5,81.9,65.0,59.8,37,49
2021-08-31T21:59:59+09:00,2021-08-31 00:15:00,2021-08-31 07:05:00,06:50:00,00:00:00,06:50:00,07:35:51,100.0,93.5,05:35:09,06:30:42,02:31:51,03:15:05,58.3,61.6,86.4,83.8,56.0,59.0,62,52
2021-09-01T21:59:59+09:00,2021-09-01 00:59:00,2021-09-01 09:00:00,08:01:00,00:01:00,08:00:00,07:28:42,99.8,93.5,06:42:07,06:26:02,03:52:15,03:20:09,63.0,62.0,81.0,84.3,66.0,60.0,52,52
2021-09-02T21:59:59+09:00,2021-09-02 00:44:00,2021-09-02 09:29:00,08:45:00,00:14:00,08:31:00,07:53:42,97.3,93.2,06:38:25,06:44:40,02:55:39,03:29:14,60.9,62.5,80.5,84.2,63.0,60.8,59,50
2021-09-03T21:59:59+09:00,2021-09-03 01:40:00,2021-09-03 08:35:00,06:55:00,00:00:00,06:55:00,07:55:42,100.0,97.7,06:13:03,06:44:02,04:21:18,03:32:07,62.0,61.8,79.1,83.8,58.0,61.3,71,57
2021-09-04T21:59:59+09:00,2021-09-04 03:28:00,2021-09-04 09:16:00,05:48:00,00:17:00,05:31:00,07:44:17,95.1,98.2,04:06:41,06:29:37,02:06:06,03:29:48,65.5,62.8,81.0,83.4,63.0,61.6,59,53
2021-09-05T21:59:59+09:00,2021-09-05 03:01:00,2021-09-05 08:31:00,06:14:00,00:16:00,05:58:00,07:00:51,95.2,97.5,04:39:00,05:42:18,01:29:43,02:49:50,73.0,64.1,82.8,82.3,67.0,62.6,41,54
2021-09-06T21:59:59+09:00,2021-09-06 00:56:00,2021-09-06 07:14:00,06:18:00,00:06:00,06:12:00,06:51:00,98.4,98.0,05:23:30,05:36:51,02:35:00,02:50:16,61.7,63.5,78.6,81.3,58.0,61.6,49,56
2021-09-07T21:59:59+09:00,2021-09-07 00:17:00,2021-09-07 07:55:00,07:38:00,00:12:00,07:26:00,06:56:08,97.4,97.6,06:24:12,05:43:51,03:43:00,03:00:25,59.8,63.7,81.8,80.7,59.0,62.0,72,57
2021-09-08T21:59:59+09:00,2021-09-08 00:30:00,2021-09-08 07:26:00,06:56:00,00:00:00,06:56:00,06:47:00,100.0,97.6,06:08:19,05:39:01,03:51:07,03:00:16,62.5,63.6,88.1,81.7,56.0,60.6,231,83
2021-09-09T21:59:59+09:00,2021-09-09 00:42:00,2021-09-09 07:01:00,06:19:00,00:00:00,06:19:00,06:28:08,100.0,98.0,05:28:57,05:29:06,03:01:55,03:01:09,68.3,64.7,83.7,82.2,63.0,60.6,40,80
2021-09-10T21:59:59+09:00,2021-09-10 00:16:00,2021-09-10 07:00:00,06:44:00,00:01:00,06:43:00,06:26:25,99.8,98.0,05:47:13,05:25:24,02:50:30,02:48:11,61.9,64.7,83.0,82.7,57.0,60.4,102,85
2021-09-11T21:59:59+09:00,2021-09-11 01:11:00,2021-09-11 10:15:00,09:04:00,00:00:00,09:04:00,06:56:51,100.0,98.7,06:56:09,05:49:37,03:16:27,02:58:14,60.4,64.0,78.6,82.4,58.0,59.7,71,87
2021-09-12T21:59:59+09:00,2021-09-12 01:15:00,2021-09-12 09:02:00,07:47:00,00:18:00,07:29:00,07:09:51,96.1,98.8,06:28:48,06:05:18,03:44:30,03:17:29,61.8,62.4,76.9,81.5,60.0,58.7,59,89
2021-09-13T21:59:59+09:00,2021-09-13 01:45:00,2021-09-13 09:19:00,07:34:00,00:32:00,07:02:00,07:17:00,93.0,98.0,05:47:34,06:08:44,02:45:47,03:19:02,63.6,62.6,80.3,81.8,57.0,58.6,33,87
2021-09-14T21:59:59+09:00,2021-09-14 01:45:00,2021-09-14 07:10:00,05:25:00,00:07:00,05:18:00,06:58:42,97.8,98.1,04:43:19,05:54:20,02:39:00,03:09:53,60.8,62.8,79.7,81.5,58.0,58.4,44,83
2021-09-15T21:59:59+09:00,2021-09-15 03:48:00,2021-09-15 08:21:00,04:33:00,00:00:00,04:33:00,06:38:17,100.0,98.1,03:54:45,05:35:15,01:52:25,02:52:56,62.1,62.7,79.4,80.2,57.0,58.6,123,67
2021-09-16T21:59:59+09:00,2021-09-16 01:46:00,2021-09-16 08:29:00,07:58:00,00:43:00,07:15:00,06:46:17,89.3,96.6,06:20:01,05:42:33,03:15:00,02:54:48,64.9,62.2,81.9,80.0,59.0,58.0,78,73
2021-09-17T21:59:59+09:00,2021-09-17 01:31:00,2021-09-17 07:45:00,06:14:00,00:00:00,06:14:00,06:42:08,100.0,96.6,04:38:51,05:32:47,01:29:46,02:43:16,57.9,61.6,79.4,79.5,53.0,57.4,95,72
2021-09-18T21:59:59+09:00,2021-09-18 01:00:00,2021-09-18 16:45:00,15:45:00,04:21:00,11:24:00,07:02:08,72.4,92.7,09:34:41,05:55:26,05:04:00,02:58:38,59.5,61.5,76.1,79.1,62.0,58.0,120,79
2021-09-19T21:59:59+09:00,2021-09-19 02:30:00,2021-09-19 09:30:00,09:33:00,00:00:00,09:33:00,07:19:51,100.0,93.2,07:39:21,06:05:30,03:01:12,02:52:27,60.9,61.4,78.5,79.3,65.0,58.7,86,83
2021-09-20T21:59:59+09:00,2021-09-20 01:15:00,2021-09-20 08:52:00,07:37:00,00:00:00,07:37:00,07:24:51,100.0,94.2,06:39:38,06:12:57,03:18:02,02:57:03,59.2,60.7,76.3,78.8,58.0,58.9,91,91
2021-09-21T21:59:59+09:00,2021-09-21 01:44:00,2021-09-21 10:40:00,08:56:00,00:00:00,08:56:00,07:56:00,100.0,94.5,07:51:41,06:39:51,03:49:43,03:07:09,59.2,60.5,,,60.0,59.1,53,92
2021-09-22T21:59:59+09:00,2021-09-22 01:45:00,2021-09-22 16:00:00,14:15:00,04:00:00,10:15:00,08:44:51,71.9,90.5,,,,,,,82.5,79.2,,,44,81
2021-09-23T21:59:59+09:00,2021-09-23 00:30:00,2021-09-23 10:29:00,09:59:00,00:00:00,09:59:00,09:08:17,100.0,92.0,08:18:14,07:17:30,04:21:06,03:28:24,60.7,60.3,76.0,78.7,59.0,59.4,43,76
2021-09-24T21:59:59+09:00,2021-09-23 23:38:00,2021-09-24 09:01:00,09:23:00,00:18:00,09:05:00,09:32:42,96.8,91.6,07:05:42,07:24:01,04:17:22,03:37:18,60.8,59.7,76.2,77.9,62.0,59.9,61,71
2021-09-25T21:59:59+09:00,2021-09-25 00:38:00,2021-09-25 07:00:00,06:22:00,00:00:00,06:22:00,08:49:34,100.0,95.5,05:22:57,07:30:19,03:03:22,03:50:41,56.5,59.5,77.7,77.6,53.0,59.9,50,61
2021-09-26T21:59:59+09:00,2021-09-26 03:41:00,2021-09-26 09:31:00,05:50:00,00:00:00,05:50:00,08:17:42,100.0,95.5,05:07:31,06:52:09,02:47:23,03:31:10,59.1,59.5,77.7,77.8,57.0,59.1,42,55
2021-09-27T21:59:59+09:00,2021-09-27 02:00:00,2021-09-27 09:03:00,07:03:00,00:00:00,07:03:00,08:12:51,100.0,95.5,06:15:18,06:40:09,03:16:24,03:33:20,57.2,58.9,79.0,77.9,55.0,57.7,81,53
2021-09-28T21:59:59+09:00,2021-09-28 00:00:00,2021-09-28 13:09:00,13:09:00,02:45:00,10:24:00,08:25:25,79.1,92.5,08:31:36,06:56:08,04:49:10,03:46:21,59.6,59.0,75.6,77.8,61.0,58.1,65,55
2021-09-29T21:59:59+09:00,2021-09-29 03:00:00,2021-09-29 07:37:00,04:37:00,00:03:00,04:34:00,07:36:42,98.9,96.4,04:03:00,06:23:28,02:08:56,03:31:57,56.9,58.7,,,55.0,57.4,72,59
2021-09-30T21:59:59+09:00,2021-09-29 22:45:00,2021-09-30 08:30:00,09:45:00,00:00:00,09:45:00,07:34:42,100.0,96.4,,,,,,,64.2,75.2,53.0,56.6,46,60
2021-10-01T21:59:59+09:00,2021-10-01 01:17:00,2021-10-01 08:15:00,06:58:00,00:00:00,06:58:00,07:16:34,100.0,96.9,05:57:45,06:03:24,03:05:47,03:21:12,55.4,57.9,77.2,75.4,58.0,56.0,59,59
2021-10-02T21:59:59+09:00,2021-10-02 03:41:00,2021-10-02 12:15:00,08:34:00,00:00:00,08:34:00,07:35:25,100.0,96.9,07:57:13,06:10:46,04:32:07,03:23:18,58.2,57.6,80.6,76.0,59.0,56.9,44,58
2021-10-03T21:59:59+09:00,2021-10-03 02:47:00,2021-10-03 10:40:00,07:53:00,00:23:00,07:30:00,07:49:42,95.1,96.2,05:47:45,06:14:18,02:15:00,03:16:23,59.4,58.0,74.3,75.5,59.0,57.1,51,60
2021-10-04T21:59:59+09:00,2021-10-04 03:29:00,2021-10-04 09:08:00,05:39:00,00:12:00,05:27:00,07:36:00,96.5,95.7,04:17:59,06:07:13,02:28:38,03:13:43,62.5,58.5,76.6,75.3,57.0,57.4,52,55
2021-10-05T21:59:59+09:00,2021-10-05 01:57:00,2021-10-05 08:37:00,06:40:00,00:13:00,06:27:00,07:02:08,96.8,98.2,05:42:48,06:02:35,03:36:43,03:16:37,55.6,58.2,74.4,74.7,62.0,57.6,41,52
2021-10-06T21:59:59+09:00,2021-10-06 02:19:00,2021-10-06 07:56:00,05:37:00,00:00:00,05:37:00,07:11:08,100.0,98.3,05:03:55,05:32:55,03:12:34,03:02:49,57.9,58.0,75.5,74.7,57.0,57.9,166,66
2021-10-07T21:59:59+09:00,2021-10-07 02:15:00,2021-10-07 09:09:00,06:54:00,00:01:00,06:53:00,06:46:34,99.8,98.3,05:46:21,05:47:41,03:10:37,03:11:38,58.7,58.3,78.1,76.7,56.0,58.3,55,67
2021-10-08T21:59:59+09:00,2021-10-08 02:53:00,2021-10-08 07:17:00,04:24:00,00:00:00,04:24:00,06:24:34,100.0,98.3,04:17:40,05:33:23,03:06:21,03:11:42,61.0,59.1,74.1,76.2,56.0,58.0,64,67
2021-10-09T21:59:59+09:00,2021-10-09 00:29:00,2021-10-09 13:34:00,13:05:00,03:20:00,09:45:00,06:34:42,74.5,94.7,08:57:47,05:42:02,04:52:30,03:14:37,60.1,59.3,78.7,76.0,67.0,59.1,71,71
2021-10-10T21:59:59+09:00,2021-10-10 00:15:00,2021-10-10 11:45:00,11:30:00,00:00:00,11:30:00,07:09:00,100.0,95.4,10:38:57,06:23:38,06:00:00,03:46:46,61.1,59.6,83.6,77.3,59.0,59.1,43,70
2021-10-11T21:59:59+09:00,2021-10-11 02:37:00,2021-10-11 08:31:00,05:54:00,00:14:00,05:40:00,07:10:51,96.0,95.3,04:42:38,06:27:10,02:03:38,03:43:11,58.3,59.0,66.6,75.9,57.0,59.1,48,70
2021-10-12T21:59:59+09:00,2021-10-11 23:51:00,2021-10-12 08:11:00,08:20:00,00:00:00,08:20:00,07:27:00,100.0,95.8,06:04:03,06:30:12,01:33:45,03:25:37,59.5,59.5,79.8,76.6,63.0,59.3,117,81
2021-10-13T21:59:59+09:00,2021-10-13 02:10:00,2021-10-13 08:51:00,07:08:00,00:00:00,07:08:00,07:40:00,100.0,95.8,06:00:08,06:38:13,03:26:34,03:27:37,63.8,60.4,79.0,77.1,59.0,59.6,49,64
2021-10-14T21:59:59+09:00,2021-10-14 01:18:00,2021-10-14 08:15:00,06:57:00,00:05:00,06:52:00,07:39:51,98.8,95.6,06:01:39,06:40:24,03:01:17,03:26:17,62.9,61.0,83.0,77.8,57.0,59.7,75,67
2021-10-15T21:59:59+09:00,2021-10-15 00:12:00,2021-10-15 07:27:00,07:15:00,00:00:00,07:15:00,08:04:17,100.0,95.6,06:11:52,06:56:43,02:35:21,03:21:52,62.8,61.2,79.2,78.6,61.0,60.4,185,84
2021-10-16T21:59:59+09:00,2021-10-16 01:29:00,2021-10-16 09:22:00,07:53:00,00:00:00,07:53:00,07:48:17,100.0,99.3,07:04:37,06:40:33,04:19:23,03:17:08,63.6,61.7,78.4,78.5,61.0,59.6,66,83
2021-10-17T21:59:59+09:00,2021-10-16 23:21:00,2021-10-17 09:26:00,10:05:00,02:11:00,07:54:00,07:17:25,78.3,96.2,06:57:30,06:08:55,03:49:21,02:58:28,62.3,61.9,79.3,77.9,62.0,60.0,76,88
2021-10-18T21:59:59+09:00,2021-10-18 00:30:00,2021-10-18 07:46:00,10:34:00,00:27:00,10:07:00,07:55:34,93.8,95.9,08:25:50,06:40:48,03:17:11,03:08:58,59.3,62.0,78.3,79.6,56.0,59.9,106,96
2021-10-19T21:59:59+09:00,2021-10-19 01:40:00,2021-10-19 08:33:00,06:53:00,00:00:00,06:53:00,07:43:08,100.0,95.9,06:08:41,06:41:28,04:04:44,03:30:33,61.7,62.3,80.8,79.7,69.0,60.7,52,87
2021-10-20T21:59:59+09:00,2021-10-20 01:23:00,2021-10-20 08:09:00,06:46:00,00:00:00,06:46:00,07:40:00,100.0,95.9,06:00:59,06:41:35,03:23:00,03:30:02,59.6,61.7,78.1,79.6,56.0,60.3,68,90
2021-10-21T21:59:59+09:00,2021-10-21 00:45:00,2021-10-21 08:05:00,07:20:00,00:00:00,07:20:00,07:44:00,100.0,96.0,06:44:03,06:47:39,04:02:46,03:38:49,59.4,61.2,80.2,79.2,59.0,60.6,81,91
2021-10-22T21:59:59+09:00,2021-10-22 01:13:00,2021-10-22 07:58:00,06:45:00,00:01:00,06:44:00,07:39:34,99.8,96.0,06:08:41,06:47:11,03:30:05,03:46:38,60.3,60.9,79.6,79.2,57.0,60.0,82,76
2021-10-23T21:59:59+09:00,2021-10-23 02:00:00,2021-10-23 08:30:00,06:30:00,00:47:00,05:43:00,07:21:00,87.9,94.3,05:23:00,06:32:40,03:28:47,03:39:24,61.7,60.6,79.0,79.3,60.0,59.9,104,81
2021-10-24T21:59:59+09:00,2021-10-24 01:45:00,2021-10-24 08:35:00,06:50:00,00:24:00,06:26:00,07:08:25,94.1,96.5,05:14:03,06:17:54,01:58:46,03:23:37,64.6,60.9,81.7,79.7,59.0,59.4,55,78
2021-10-25T21:59:59+09:00,2021-10-25 06:48:00,2021-10-25 14:30:00,09:31:59,00:00:00,09:31:59,07:03:25,100.0,97.4,08:33:48,06:19:02,02:32:21,03:17:12,65.2,61.8,81.5,80.1,,,118,80
2021-10-26T21:59:59+09:00,2021-10-26 04:15:00,2021-10-26 09:33:00,05:18:00,00:00:00,05:18:00,06:49:51,100.0,97.4,04:35:26,06:05:43,02:31:26,03:03:53,62.7,61.9,76.2,79.5,56.0,59.4,49,79
2021-10-27T21:59:59+09:00,2021-10-27 02:30:00,2021-10-27 08:21:00,05:51:00,00:00:00,05:51:00,06:41:59,100.0,97.4,04:51:36,05:55:48,02:17:21,02:54:30,62.2,62.3,80.0,79.7,67.0,59.1,34,75
2021-10-28T21:59:59+09:00,2021-10-28 00:22:00,2021-10-28 09:03:00,08:41:00,00:01:00,08:40:00,06:53:25,99.8,97.4,07:36:31,06:03:18,04:35:18,02:59:09,60.8,62.5,82.3,80.0,61.0,59.9,80,74
2021-10-29T21:59:59+09:00,2021-10-29 01:26:00,2021-10-29 07:52:00,06:26:00,00:00:00,06:26:00,06:50:51,100.0,97.4,06:10:18,06:03:32,04:22:29,03:06:38,62.5,62.8,77.3,79.7,60.8,60.1,79,74
2021-10-30T21:59:59+09:00,2021-10-30 01:29:00,2021-10-30 10:16:00,08:47:00,00:37:00,08:10:00,07:11:51,93.0,98.1,07:40:31,06:23:10,05:11:49,03:21:21,59.6,62.5,81.5,80.1,66.0,61.4,73,70
2021-10-31T21:59:59+09:00,2021-10-31 00:42:00,2021-10-31 11:14:00,10:32:00,00:22:00,10:10:00,07:43:51,96.5,98.5,09:04:35,06:56:06,05:27:19,03:51:09,59.7,61.8,80.4,79.9,60.0,61.4,62,71
2021-11-01T21:59:59+09:00,2021-11-01 02:10:00,2021-11-01 08:32:00,06:22:00,00:00:00,06:22:00,07:16:42,100.0,98.5,05:33:48,06:30:24,03:18:38,03:57:45,58.7,60.9,,,55.0,60.8,74,64
2021-11-03T21:59:59+09:00,2021-11-03 02:24:00,2021-11-03 08:22:00,05:58:00,00:00:00,05:58:00,07:22:25,100.0,98.5,05:47:05,06:40:38,04:09:03,04:11:42,63.6,61.0,78.1,80.8,52.0,60.3,59,66
2021-11-04T21:59:59+09:00,2021-11-04 04:00:00,2021-11-04 09:00:00,05:00:00,00:00:00,05:00:00,07:15:08,100.0,98.5,04:45:28,06:39:45,03:15:00,04:19:56,59.2,60.6,75.7,80.1,55.0,58.5,86,74
2021-11-05T21:59:59+09:00,2021-11-05 02:55:00,2021-11-05 08:37:00,05:42:00,00:00:00,05:42:00,06:49:42,100.0,98.5,05:07:23,06:18:27,03:37:38,04:11:42,61.2,60.6,74.7,79.0,64.0,59.0,58,70
2021-11-06T21:59:59+09:00,2021-11-06 05:05:00,2021-11-06 09:07:00,05:06:00,00:00:00,05:06:00,06:38:17,100.0,98.5,03:53:41,05:58:56,01:20:40,03:45:43,61.0,60.4,78.3,79.2,60.0,58.9,41,65
2021-11-07T21:59:59+09:00,2021-11-07 00:30:00,2021-11-07 08:15:00,07:45:00,00:55:00,06:50:00,06:26:51,88.2,97.8,06:20:55,05:47:34,03:47:47,03:33:43,63.4,61.0,78.6,78.8,64.0,58.6,60,63
2021-11-08T21:59:59+09:00,2021-11-08 07:26:00,2021-11-08 14:31:00,07:05:00,00:19:00,06:46:00,05:57:42,95.5,97.7,05:34:34,05:17:33,02:20:32,03:07:02,67.4,62.1,,,60.0,58.6,63,63
2021-11-09T21:59:59+09:00,2021-11-09 00:43:00,2021-11-09 05:00:00,16:23:00,00:38:00,15:45:00,07:18:08,100.0,97.7,,,,,,,78.3,78.5,63.0,59.7,49,60
2021-11-10T21:59:59+09:00,2021-11-09 23:55:00,2021-11-10 07:02:00,07:07:00,00:04:00,07:03:00,07:27:25,99.1,97.5,06:22:32,05:24:31,04:01:43,03:13:11,60.6,62.3,83.1,78.1,57.0,60.4,59,60
2021-11-11T21:59:59+09:00,2021-11-11 02:12:00,2021-11-11 09:15:00,07:03:00,00:07:00,06:56:00,07:44:00,98.3,97.3,06:08:19,05:27:33,03:35:42,03:08:26,61.0,62.0,79.5,78.3,60.0,61.1,50,54
2021-11-12T21:59:59+09:00,2021-11-12 05:30:00,2021-11-12 12:16:00,06:46:00,00:31:00,06:15:00,07:48:42,92.4,96.2,05:27:11,05:33:31,03:15:00,03:08:26,63.6,62.6,79.1,78.8,59.0,60.4,57,54
2021-11-13T21:59:59+09:00,2021-11-13 09:17:00,2021-11-13 21:59:59,12:42:59,00:32:00,12:10:59,08:49:25,95.8,95.6,07:54:58,05:57:27,01:29:30,02:50:07,69.3,63.8,82.1,79.9,71.0,62.0,81,60
2021-11-14T21:59:59+09:00,2021-11-13 22:27:00,2021-11-14 08:20:00,09:53:00,00:00:00,09:53:00,09:15:34,100.0,97.3,08:23:57,06:36:04,04:12:02,03:14:36,63.9,64.2,79.8,80.1,60.0,61.4,65,61
2021-11-15T21:59:59+09:00,2021-11-15 01:30:00,2021-11-15 09:37:00,08:07:00,00:17:00,07:50:00,09:24:42,96.5,97.4,05:51:02,06:31:48,02:21:00,03:02:12,67.3,64.7,85.2,81.0,66.0,62.3,39,57
2021-11-16T21:59:59+09:00,2021-11-16 02:28:00,2021-11-16 08:50:00,06:22:00,00:00:00,06:22:00,08:04:17,100.0,97.4,06:02:52,06:35:50,04:04:29,03:17:03,70.5,65.2,82.6,81.6,66.0,62.7,54,58
2021-11-17T21:59:59+09:00,2021-11-17 08:40:00,2021-11-17 15:39:00,06:59:00,00:33:00,06:26:00,07:58:59,92.1,96.4,05:37:13,06:29:22,02:03:31,03:00:10,73.1,66.9,80.2,81.2,67.0,64.1,43,56
2021-11-18T21:59:59+09:00,2021-11-18 01:53:00,2021-11-18 08:58:00,07:05:00,00:15:00,06:50:00,07:58:08,96.5,96.2,05:38:48,06:25:09,03:02:13,02:55:23,66.3,67.7,84.8,82.0,63.0,64.6,48,55
2021-11-19T21:59:59+09:00,2021-11-19 05:45:00,2021-11-19 09:41:00,03:56:00,00:00:00,03:56:00,07:38:17,100.0,97.3,03:19:21,06:06:53,01:34:24,02:41:01,70.2,68.7,92.4,83.9,67.0,65.7,41,53
2021-11-20T21:59:59+09:00,2021-11-20 02:32:00,2021-11-20 07:17:00,04:45:00,00:00:00,04:45:00,06:34:34,100.0,97.9,03:52:20,05:32:13,02:15:00,02:47:31,66.8,68.3,75.2,82.9,60.0,64.1,90,54
2021-11-21T21:59:59+09:00,2021-11-21 02:14:00,2021-11-21 12:40:00,10:26:00,01:22:00,09:04:00,06:27:34,86.9,96.0,07:07:30,05:21:18,00:49:27,02:18:34,75.4,70.0,85.5,83.7,78.0,66.7,42,51
2021-11-22T21:59:59+09:00,2021-11-22 00:30:00,2021-11-22 09:27:00,08:57:00,00:20:00,08:37:00,06:34:17,96.3,96.0,07:42:57,05:37:17,04:26:50,02:36:33,66.1,69.8,81.9,83.2,64.0,66.4,64,55
2021-11-23T21:59:59+09:00,2021-11-23 00:45:00,2021-11-23 09:18:00,08:33:00,01:12:00,07:21:00,06:42:42,86.0,94.0,06:25:47,05:40:33,03:40:30,02:33:07,64.0,68.8,74.3,82.1,61.0,65.7,53,54
2021-11-24T21:59:59+09:00,2021-11-24 01:30:00,2021-11-24 07:12:00,05:42:00,00:09:00,05:33:00,06:35:08,97.4,94.7,04:57:05,05:34:49,02:22:43,02:35:52,64.1,67.6,84.0,82.6,60.0,64.7,64,57
2021-11-25T21:59:59+09:00,2021-11-25 02:58:00,2021-11-25 08:05:00,05:07:00,00:00:00,05:07:00,06:20:25,100.0,95.2,04:21:10,05:23:44,02:18:09,02:29:34,66.0,67.5,81.3,82.1,60.0,64.3,63,60
2021-11-26T21:59:59+09:00,2021-11-26 01:45:00,2021-11-26 09:19:00,07:34:00,00:00:00,07:34:00,06:51:34,100.0,95.2,06:27:29,05:50:37,03:01:36,02:42:02,63.9,66.6,80.6,80.4,59.0,63.1,121,71
2021-11-27T21:59:59+09:00,2021-11-27 01:35:00,2021-11-27 10:15:00,10:32:00,00:00:00,10:32:00,07:41:08,100.0,95.2,08:39:39,06:31:40,03:28:00,02:52:27,62.0,65.9,76.7,80.6,64.0,63.7,59,66
2021-11-28T21:59:59+09:00,2021-11-28 02:30:00,2021-11-28 10:08:00,07:38:00,00:00:00,07:38:00,07:28:51,100.0,97.1,06:17:35,06:24:32,02:47:56,03:09:23,61.8,64.0,79.5,79.8,62.0,61.4,70,70
2021-11-29T21:59:59+09:00,2021-11-29 01:30:00,2021-11-29 08:41:00,07:11:00,00:02:00,07:09:00,07:16:17,99.5,97.6,05:54:08,06:08:59,02:38:53,02:53:58,59.2,63.0,77.7,79.2,53.0,59.9,57,69
2021-11-30T21:59:59+09:00,2021-11-30 01:45:00,2021-11-30 08:23:00,06:38:00,00:00:00,06:38:00,07:10:08,100.0,99.6,05:59:16,06:05:12,03:19:00,02:50:53,59.5,62.3,,,56.0,59.1,57,70
2021-12-02T21:59:59+09:00,2021-12-02 01:20:00,2021-12-02 09:07:00,07:47:00,00:19:00,07:28:00,07:26:34,95.9,99.4,06:19:26,06:16:58,03:36:17,03:01:24,58.3,61.5,76.2,79.3,53.0,58.1,56,69
2021-12-03T21:59:59+09:00,2021-12-03 04:25:00,2021-12-03 08:25:00,04:00:00,00:10:00,03:50:00,07:15:34,95.8,98.8,03:07:55,06:06:30,01:47:20,02:57:00,62.1,61.0,67.8,77.3,62.0,58.4,41,66
2021-12-04T21:59:59+09:00,2021-12-04 01:50:00,2021-12-04 11:04:00,09:14:00,00:00:00,09:14:00,07:29:51,100.0,98.8,07:42:19,06:17:11,01:16:57,02:42:03,65.8,61.2,80.3,77.3,60.0,58.6,69,58
2021-12-05T21:59:59+09:00,2021-12-05 02:47:00,2021-12-05 12:04:00,09:17:00,00:32:00,08:45:00,07:14:34,94.3,97.9,08:12:07,06:13:15,05:02:16,02:55:31,62.9,61.4,75.6,77.1,60.0,58.0,56,58
2021-12-06T21:59:59+09:00,2021-12-06 01:53:00,2021-12-06 08:16:00,06:23:00,00:01:00,06:22:00,07:03:42,99.7,97.9,05:53:17,06:09:47,03:33:55,03:02:05,56.9,60.7,,,54.0,56.9,61,57
2021-12-07T21:59:59+09:00,2021-12-06 22:15:00,2021-12-07 11:15:00,13:00:00,02:30:00,10:30:00,07:32:25,80.8,95.2,,,,,,,80.2,77.2,72.0,59.6,,
2021-12-08T21:59:59+09:00,2021-12-08 03:15:00,2021-12-08 09:56:00,06:41:00,00:17:00,06:24:00,07:30:25,95.8,94.6,05:46:38,06:08:43,02:56:00,03:04:32,60.8,60.9,75.0,76.8,60.0,60.1,35,54
2021-12-09T21:59:59+09:00,2021-12-09 02:25:00,2021-12-09 08:18:00,05:53:00,00:00:00,05:53:00,07:16:51,100.0,95.2,05:00:52,06:00:22,02:33:29,02:58:02,60.9,61.1,81.6,76.7,57.0,60.7,50,53
2021-12-10T21:59:59+09:00,2021-12-10 04:17:00,2021-12-10 11:34:00,07:17:00,00:00:00,07:17:00,07:46:25,100.0,95.8,06:38:31,06:03:05,03:54:06,03:00:34,67.7,62.4,79.0,77.1,74.0,62.4,82,56
2021-12-11T21:59:59+09:00,2021-12-11 01:55:00,2021-12-11 09:54:00,07:59:00,00:00:00,07:59:00,07:35:42,100.0,95.8,07:10:12,06:37:42,03:20:52,03:13:56,67.1,63.1,84.7,79.5,64.0,63.0,70,60
2021-12-12T21:59:59+09:00,2021-12-12 02:56:00,2021-12-12 09:09:00,06:13:00,00:09:00,06:04:00,07:12:42,97.6,96.3,04:53:10,06:13:32,01:50:47,03:18:46,59.7,62.3,76.4,78.9,57.0,62.6,55,58
2021-12-13T21:59:59+09:00,2021-12-13 02:49:00,2021-12-13 08:18:00,05:29:00,00:00:00,05:29:00,07:05:08,100.0,96.3,05:05:08,05:46:50,03:39:20,03:06:55,59.4,61.8,75.0,78.8,56.0,62.9,114,67
2021-12-14T21:59:59+09:00,2021-12-14 01:50:00,2021-12-14 09:45:00,07:55:00,00:00:00,07:55:00,06:43:00,100.0,99.0,06:38:01,05:53:13,03:03:52,03:02:38,60.8,62.3,,,64.0,61.7,142,78
2021-12-16T21:59:59+09:00,2021-12-16 05:04:00,2021-12-16 14:20:00,09:16:00,02:02:00,07:14:00,06:50:08,78.1,96.5,06:26:49,05:58:57,03:21:30,03:06:16,66.1,63.1,77.0,79.0,58.0,61.4,55,81
2021-12-17T21:59:59+09:00,2021-12-17 04:00:00,2021-12-17 07:21:00,03:21:00,00:00:00,03:21:00,06:28:25,100.0,96.5,03:09:10,05:43:00,01:32:46,02:57:36,65.0,63.7,78.9,78.6,58.0,61.6,60,83
2021-12-18T21:59:59+09:00,2021-12-18 03:15:00,2021-12-18 12:42:00,09:27:00,00:00:00,09:27:00,06:47:00,100.0,96.5,08:31:17,05:59:07,05:28:16,03:11:03,62.9,63.0,76.8,78.3,62.0,59.9,63,80
2021-12-19T21:59:59+09:00,2021-12-19 04:12:00,2021-12-19 12:34:00,08:22:00,00:00:00,08:22:00,06:50:17,100.0,96.5,07:39:02,06:03:14,04:33:49,03:21:28,61.7,62.2,81.2,77.8,62.0,59.6,112,86
2021-12-20T21:59:59+09:00,2021-12-20 02:09:00,2021-12-20 08:30:00,06:21:00,00:00:00,06:21:00,06:52:42,100.0,96.9,05:30:15,06:08:32,03:10:30,03:32:51,60.7,62.4,77.6,78.0,53.8,59.1,79,89
2021-12-21T21:59:59+09:00,2021-12-21 02:30:00,2021-12-21 08:39:00,06:09:00,00:00:00,06:09:00,06:58:25,100.0,96.9,04:52:43,06:06:45,02:33:45,03:23:29,63.3,62.9,79.7,78.6,60.0,59.7,92,86
2021-12-22T21:59:59+09:00,2021-12-22 02:00:00,2021-12-22 10:15:00,08:15:00,00:31:00,07:44:00,06:56:51,93.7,96.0,06:56:47,06:09:26,04:07:28,03:32:34,63.5,63.3,83.1,79.2,44.0,56.8,110,82
2021-12-23T21:59:59+09:00,2021-12-23 02:51:00,2021-12-23 09:19:00,06:28:00,00:00:00,06:28:00,06:50:17,100.0,99.1,05:47:45,06:03:51,03:06:14,03:30:24,64.9,63.1,80.7,79.7,60.0,57.1,68,83
2021-12-24T21:59:59+09:00,2021-12-24 01:45:00,2021-12-24 07:51:00,06:06:00,00:11:00,05:55:00,07:12:17,97.0,98.7,05:37:08,06:25:00,03:51:31,03:50:13,61.9,62.7,79.2,79.7,59.0,57.3,138,95
2021-12-25T21:59:59+09:00,2021-12-24 22:58:00,2021-12-25 11:28:00,12:30:00,00:33:00,11:57:00,07:33:42,95.6,98.0,10:09:12,06:38:59,04:04:05,03:38:11,63.0,62.7,,,61.0,57.1,70,96
2021-12-27T21:59:59+09:00,2021-12-27 01:44:00,2021-12-27 08:10:00,06:26:00,00:14:00,06:12:00,07:15:08,96.4,97.5,05:48:28,06:23:11,03:06:00,03:25:39,64.5,63.1,79.6,79.3,63.0,57.3,36,85
2021-12-28T21:59:59+09:00,2021-12-28 01:32:00,2021-12-28 07:30:00,05:58:00,00:11:00,05:47:00,07:10:17,96.9,97.1,04:48:59,06:17:17,01:50:25,03:14:12,61.7,63.3,,,57.0,57.7,66,83
2021-12-30T21:59:59+09:00,2021-12-29 22:00:00,2021-12-30 00:45:00,02:45:00,00:00:00,02:45:00,06:41:08,100.0,97.1,,,,,,,,,,,,
2022-01-04T21:59:59+09:00,2022-01-04 01:15:00,2022-01-04 08:32:00,07:17:00,00:38:00,06:39:00,06:31:51,91.3,96.7,05:50:16,06:25:31,03:26:53,03:21:48,59.8,62.8,77.6,79.1,61.0,57.9,122,87
2022-01-05T21:59:59+09:00,2022-01-04 23:55:00,2022-01-05 07:39:00,07:44:00,00:00:00,07:44:00,06:42:42,100.0,96.7,07:08:26,06:27:11,04:38:24,03:26:13,57.9,62.0,67.8,76.9,55.0,59.4,71,82
2022-01-06T21:59:59+09:00,2022-01-06 04:28:00,2022-01-06 08:31:00,04:03:00,00:00:00,04:03:00,06:26:42,100.0,97.2,03:15:07,06:05:22,00:45:34,03:06:07,61.8,61.5,79.6,76.8,58.0,59.1,49,79
2022-01-07T21:59:59+09:00,2022-01-07 01:00:00,2022-01-07 08:16:00,07:16:00,00:01:00,07:15:00,05:46:25,99.8,97.8,06:34:36,06:13:35,03:53:02,03:06:20,59.5,61.2,,,56.0,58.7,80,71
2022-01-09T21:59:59+09:00,2022-01-09 01:43:00,2022-01-09 09:21:00,07:38:00,00:00:00,07:38:00,05:58:42,100.0,98.3,06:59:21,05:46:28,04:04:16,03:06:22,60.0,60.7,81.6,77.4,61.0,58.7,127,79
2022-01-10T21:59:59+09:00,2022-01-10 01:40:00,2022-01-10 07:59:00,06:19:00,00:01:00,06:18:00,06:03:08,99.7,98.7,05:13:55,05:41:31,03:09:00,03:06:47,58.4,59.9,79.0,77.3,59.0,58.1,54,81
2022-01-11T21:59:59+09:00,2022-01-11 00:28:00,2022-01-11 07:41:00,07:13:00,00:00:00,07:13:00,06:41:25,100.0,98.7,07:04:34,06:00:53,05:40:13,03:39:37,59.5,59.6,80.6,77.6,57.0,58.1,51,79
2022-01-12T21:59:59+09:00,2022-01-12 00:21:00,2022-01-12 07:27:00,07:06:00,00:00:00,07:06:00,06:45:17,100.0,99.9,06:32:26,06:06:55,04:44:00,03:50:38,59.2,59.5,82.6,78.3,59.0,57.9,84,74
2022-01-13T21:59:59+09:00,2022-01-13 00:08:00,2022-01-13 07:45:00,07:37:00,00:14:00,07:23:00,06:42:17,96.9,99.5,06:42:09,06:03:10,04:34:58,03:50:09,60.7,59.9,76.8,79.6,53.0,57.6,49,70
2022-01-14T21:59:59+09:00,2022-01-13 23:27:00,2022-01-14 08:04:00,08:37:00,00:50:00,07:47:00,07:14:17,90.3,98.1,07:03:27,06:35:47,04:09:04,04:19:13,62.4,60.0,78.1,79.3,61.0,58.0,118,80
2022-01-15T21:59:59+09:00,2022-01-15 02:30:00,2022-01-15 08:00:00,05:30:00,00:00:00,05:30:00,06:59:17,100.0,98.1,05:27:22,06:26:11,04:00:00,04:20:13,62.0,60.3,76.5,79.3,63.0,59.0,56,77
2022-01-16T21:59:59+09:00,2022-01-16 03:14:00,2022-01-16 11:52:00,08:38:00,00:43:00,07:55:00,07:01:42,91.7,97.0,06:00:16,06:17:44,01:01:17,03:54:04,70.8,61.9,78.1,78.8,60.0,58.9,58,67
2022-01-17T21:59:59+09:00,2022-01-17 02:36:00,2022-01-17 08:39:00,06:22:00,00:00:00,06:22:00,07:02:17,100.0,97.0,05:45:44,06:22:17,03:25:10,03:56:23,63.2,62.5,77.7,78.6,66.0,59.9,55,67
2022-01-18T21:59:59+09:00,2022-01-18 01:11:00,2022-01-18 08:30:00,07:19:00,00:14:00,07:05:00,07:01:08,96.8,96.5,06:17:51,06:15:36,03:47:41,03:40:18,59.0,62.5,78.6,78.3,53.0,59.3,57,68
2022-01-19T21:59:59+09:00,2022-01-19 01:02:00,2022-01-19 07:22:00,06:20:00,00:00:00,06:20:00,06:54:34,100.0,96.5,05:36:19,06:07:35,03:17:36,03:27:58,60.4,62.6,83.6,78.5,59.0,59.3,68,66
2022-01-20T21:59:59+09:00,2022-01-20 00:38:00,2022-01-20 08:18:00,07:40:00,00:10:00,07:30:00,06:55:34,97.8,96.7,07:10:30,06:11:38,04:54:50,03:30:48,62.5,62.9,75.6,78.3,64.0,60.9,45,65
2022-01-21T21:59:59+09:00,2022-01-21 00:50:00,2022-01-21 07:38:00,06:48:00,00:01:00,06:47:00,06:47:00,99.8,98.0,05:58:03,06:02:18,03:54:48,03:28:46,59.2,62.4,81.4,78.8,56.0,60.1,69,58
2022-01-22T21:59:59+09:00,2022-01-22 03:06:00,2022-01-22 10:13:00,07:07:00,00:00:00,07:07:00,07:00:51,100.0,98.0,06:24:36,06:10:29,03:48:45,03:27:09,63.6,62.7,83.5,79.8,64.0,60.3,51,57
2022-01-23T21:59:59+09:00,2022-01-23 03:07:00,2022-01-23 12:35:00,09:28:00,00:00:00,09:28:00,07:14:08,100.0,99.2,08:28:48,06:31:42,04:20:58,03:55:41,61.2,61.3,,,64.0,60.9,75,60
2022-01-28T21:59:59+09:00,2022-01-28 00:57:00,2022-01-28 08:15:00,07:18:00,00:27:00,06:51:00,07:18:17,93.8,98.3,06:13:13,06:35:38,03:33:07,03:56:49,59.3,60.7,73.8,79.4,61.0,60.1,63,61
2022-01-29T21:59:59+09:00,2022-01-29 00:15:00,2022-01-29 09:36:00,09:21:00,00:00:00,09:21:00,07:37:42,100.0,98.8,07:48:13,06:48:32,01:30:58,03:37:17,67.0,61.9,84.4,80.3,68.0,62.3,93,66
2022-01-30T21:59:59+09:00,2022-01-30 03:45:00,2022-01-30 10:20:00,06:35:00,00:00:00,06:35:00,07:39:51,100.0,98.8,05:59:33,06:51:51,03:02:18,03:35:06,68.4,63.0,80.9,79.9,67.0,63.4,40,62
2022-01-31T21:59:59+09:00,2022-01-31 03:00:00,2022-01-31 10:02:00,08:09:00,00:01:00,08:08:00,07:45:17,99.8,99.1,07:09:39,06:51:44,03:38:18,03:24:10,64.5,63.3,81.1,80.7,66.0,63.7,45,62
2022-02-01T21:59:59+09:00,2022-02-01 02:27:00,2022-02-01 08:30:00,07:03:00,00:09:00,06:54:00,07:46:17,97.5,98.7,05:45:25,06:49:55,02:03:08,03:08:13,67.1,64.4,81.4,80.7,63.0,64.7,33,57
2022-02-02T21:59:59+09:00,2022-02-01 23:51:00,2022-02-02 09:15:00,09:24:00,00:17:00,09:07:00,08:03:25,97.0,98.3,07:00:47,06:55:05,02:31:57,02:57:14,65.0,64.6,80.2,80.2,66.0,65.0,34,55
2022-02-03T21:59:59+09:00,2022-02-03 02:39:00,2022-02-03 08:06:00,05:27:00,00:26:00,05:01:00,07:25:17,92.0,97.2,04:10:49,06:18:14,02:15:27,02:39:19,63.2,64.9,77.2,79.9,62.0,64.7,34,49
2022-02-04T21:59:59+09:00,2022-02-03 23:29:00,2022-02-04 07:10:00,07:41:00,00:00:00,07:41:00,07:32:25,100.0,98.0,06:52:09,06:23:48,03:19:46,02:37:24,60.3,65.1,78.5,80.5,58.0,64.3,67,49
2022-02-05T21:59:59+09:00,2022-02-05 03:20:00,2022-02-05 10:46:00,07:26:00,00:00:00,07:26:00,07:16:00,100.0,98.0,07:17:45,06:19:27,05:07:35,03:08:21,63.7,64.6,74.8,79.2,62.0,63.4,58,44
2022-02-06T21:59:59+09:00,2022-02-06 02:09:00,2022-02-06 10:49:00,08:40:00,00:39:00,08:01:00,07:28:17,92.5,97.0,07:17:29,06:30:35,04:16:32,03:18:57,61.4,63.6,76.7,78.6,59.0,62.3,54,47
2022-02-07T21:59:59+09:00,2022-02-07 00:45:00,2022-02-07 07:08:00,06:23:00,00:00:00,06:23:00,07:13:17,100.0,97.0,06:05:02,06:21:21,04:20:26,03:24:58,59.7,62.9,83.4,78.9,59.0,61.3,99,54
2022-02-08T21:59:59+09:00,2022-02-08 01:21:00,2022-02-08 06:59:00,05:38:00,00:10:00,05:28:00,07:01:00,97.0,96.9,05:13:28,06:16:47,03:38:40,03:38:37,68.1,63.0,82.2,79.0,63.0,61.3,38,55
2022-02-09T21:59:59+09:00,2022-02-09 00:12:00,2022-02-09 08:00:00,07:48:00,00:24:00,07:24:00,06:46:17,94.9,96.6,05:18:06,06:02:07,02:17:48,03:36:36,70.2,63.8,82.8,79.4,68.0,61.6,29,54
2022-02-10T21:59:59+09:00,2022-02-10 00:45:00,2022-02-10 08:37:00,07:52:00,00:38:00,07:14:00,07:05:17,91.9,96.6,06:16:28,06:20:04,02:40:44,03:40:13,71.7,65.0,79.8,79.7,77.0,63.7,64,59
2022-02-11T21:59:59+09:00,2022-02-11 01:21:00,2022-02-11 08:13:00,06:52:00,00:00:00,06:52:00,06:58:17,100.0,96.6,05:46:51,06:10:44,02:38:28,03:34:19,70.3,66.4,86.8,80.9,62.0,64.3,68,59
2022-02-12T21:59:59+09:00,2022-02-12 02:00:00,2022-02-12 07:59:00,05:59:00,00:00:00,05:59:00,06:45:51,100.0,96.6,04:52:30,05:49:59,02:36:05,03:12:40,74.6,68.0,82.1,82.0,67.0,65.0,46,57
2022-02-13T21:59:59+09:00,2022-02-13 02:51:00,2022-02-13 08:30:00,05:39:00,00:04:00,05:35:00,06:25:00,98.8,97.5,04:59:42,05:30:18,01:40:30,02:50:23,74.1,69.8,84.4,83.1,70.0,66.6,70,59
2022-02-14T21:59:59+09:00,2022-02-14 01:00:00,2022-02-14 08:15:00,07:15:00,00:16:00,06:59:00,06:30:08,96.3,97.0,05:56:10,05:29:02,03:37:16,02:44:13,67.9,71.0,85.3,83.3,69.0,68.0,73,56
2022-02-15T21:59:59+09:00,2022-02-15 01:38:00,2022-02-15 08:41:00,07:03:00,00:02:00,07:01:00,06:43:25,99.5,97.4,06:25:55,05:39:23,03:38:55,02:44:15,69.2,71.2,85.0,83.7,65.0,68.3,52,58
2022-02-16T21:59:59+09:00,2022-02-16 02:12:00,2022-02-16 08:31:00,06:19:00,00:00:00,06:19:00,06:34:08,100.0,98.1,05:53:55,05:44:30,03:47:24,02:57:03,71.5,71.3,82.9,83.8,70.0,68.6,69,63
2022-02-17T21:59:59+09:00,2022-02-17 01:16:00,2022-02-17 08:20:00,07:04:00,00:00:00,07:04:00,06:32:42,100.0,99.2,05:29:29,05:37:47,02:01:09,02:51:23,76.5,72.0,85.9,84.6,71.0,67.7,39,59
2022-02-18T21:59:59+09:00,2022-02-18 00:59:00,2022-02-18 08:45:00,07:46:00,00:00:00,07:46:00,06:40:25,100.0,99.2,06:37:58,05:45:05,03:45:29,03:00:58,70.6,72.1,85.0,84.4,78.0,70.0,44,56
2022-02-19T21:59:59+09:00,2022-02-19 03:05:00,2022-02-19 10:16:00,07:11:00,00:00:00,07:11:00,06:50:42,100.0,99.2,05:46:05,05:52:45,02:13:46,02:57:47,71.1,71.6,87.4,85.1,65.0,69.7,52,57
2022-02-20T21:59:59+09:00,2022-02-20 04:24:00,2022-02-20 11:53:00,07:29:00,00:01:00,07:28:00,07:06:51,99.8,99.4,06:49:35,06:08:27,04:16:00,03:19:59,72.1,71.3,83.1,84.9,70.0,69.7,35,52
2022-02-21T21:59:59+09:00,2022-02-21 00:59:00,2022-02-21 09:00:00,08:01:00,00:45:00,07:16:00,07:09:17,90.6,98.6,06:16:52,06:11:24,02:35:43,03:11:12,71.9,71.8,81.9,84.5,76.0,70.7,42,47
2022-02-22T21:59:59+09:00,2022-02-22 01:16:00,2022-02-22 07:51:00,06:35:00,00:15:00,06:20:00,07:03:25,96.2,98.1,05:11:48,06:00:49,01:35:00,02:53:30,73.8,72.5,80.3,83.8,66.2,70.9,74,51
2022-02-23T21:59:59+09:00,2022-02-23 01:28:00,2022-02-23 08:00:00,06:32:00,00:00:00,06:32:00,07:05:17,100.0,98.1,05:50:27,06:00:19,03:00:55,02:46:51,68.7,72.1,81.7,83.6,58.0,69.2,57,49
2022-02-24T21:59:59+09:00,2022-02-24 01:59:00,2022-02-24 08:31:00,06:32:00,00:00:00,06:32:00,07:00:42,100.0,98.1,05:30:31,06:00:28,02:00:37,02:46:47,67.8,70.9,84.0,83.3,72.0,69.3,70,53
2022-02-25T21:59:59+09:00,2022-02-25 01:39:00,2022-02-25 08:27:00,06:48:00,00:06:00,06:42:00,06:51:34,98.5,97.9,05:31:33,05:50:59,02:34:37,02:36:39,71.8,71.0,81.6,82.9,71.0,68.3,40,53
2022-02-26T21:59:59+09:00,2022-02-26 02:20:00,2022-02-26 12:32:00,10:12:00,00:14:00,09:58:00,07:15:25,97.7,97.6,09:08:27,06:19:53,05:14:44,03:02:30,68.9,70.7,81.8,82.1,70.0,69.0,64,55
2022-02-27T21:59:59+09:00,2022-02-27 03:24:00,2022-02-27 12:00:00,08:36:00,00:00:00,08:36:00,07:25:08,100.0,97.6,06:51:01,06:20:06,01:31:04,02:38:57,74.6,71.1,89.8,83.0,68.0,68.7,50,57
2022-02-28T21:59:59+09:00,2022-02-28 03:38:00,2022-02-28 08:43:00,05:05:00,00:00:00,05:05:00,07:06:25,100.0,98.9,04:13:58,06:02:32,02:24:28,02:37:20,71.9,71.1,82.9,83.1,65.0,67.2,39,56
2022-03-01T21:59:59+09:00,2022-02-28 22:24:00,2022-03-01 09:36:00,11:12:00,00:15:00,10:57:00,07:46:00,97.8,99.1,09:10:37,06:36:39,04:25:56,03:01:45,71.4,70.7,91.1,84.7,66.0,67.1,60,54
2022-03-02T21:59:59+09:00,2022-03-02 02:15:00,2022-03-02 09:10:00,06:55:00,00:18:00,06:37:00,07:46:42,95.7,98.5,04:23:33,06:24:14,03:18:30,03:04:16,71.1,71.1,79.5,84.4,70.0,68.9,60,55
2022-03-03T21:59:59+09:00,2022-03-03 00:54:00,2022-03-03 08:04:00,07:10:00,00:18:00,06:52:00,07:49:34,95.8,97.9,05:24:05,06:23:19,02:17:20,03:06:39,69.6,71.3,83.0,84.2,62.0,67.4,86,57
2022-03-04T21:59:59+09:00,2022-03-04 01:11:00,2022-03-04 08:47:00,07:36:00,00:11:00,07:25:00,07:55:42,97.6,97.8,05:12:36,06:20:37,01:47:25,02:59:55,68.4,70.8,80.2,84.0,63.0,66.3,57,60
2022-03-05T21:59:59+09:00,2022-03-05 02:34:00,2022-03-05 10:14:00,07:40:00,00:00:00,07:40:00,07:36:00,100.0,98.1,05:58:12,05:53:26,01:01:20,02:23:43,71.0,71.1,78.0,83.5,58.0,64.6,70,60
2022-03-06T21:59:59+09:00,2022-03-06 03:19:00,2022-03-06 05:15:00,01:56:00,00:00:00,01:56:00,06:38:51,100.0,98.1,01:44:42,05:09:41,01:06:17,02:20:10,67.0,70.1,76.6,81.6,61.0,63.6,23,57
2022-03-07T21:59:59+09:00,2022-03-07 00:42:00,2022-03-07 08:31:00,07:49:00,00:00:00,07:49:00,07:02:17,100.0,98.1,07:04:07,05:33:59,03:46:56,02:31:57,62.0,68.6,74.4,80.4,61.0,63.0,82,63
2022-03-08T21:59:59+09:00,2022-03-08 00:30:00,2022-03-08 08:40:00,08:10:00,00:17:00,07:53:00,06:36:00,96.5,97.9,06:34:03,05:11:37,03:24:58,02:23:15,62.9,67.4,79.2,78.7,61.0,62.3,49,61
2022-03-09T21:59:59+09:00,2022-03-09 01:44:00,2022-03-09 08:53:00,07:09:00,00:00:00,07:09:00,06:40:34,100.0,98.6,06:43:44,05:31:39,04:51:06,02:36:28,63.2,66.3,78.9,78.6,57.0,60.4,60,61
2022-03-10T21:59:59+09:00,2022-03-10 01:15:00,2022-03-10 09:26:00,08:11:00,00:00:00,08:11:00,06:51:51,100.0,99.2,06:58:19,05:45:06,03:43:11,02:48:44,62.7,65.3,76.8,77.7,59.0,60.0,59,57
2022-03-11T21:59:59+09:00,2022-03-10 23:01:00,2022-03-11 06:46:00,07:45:00,00:00:00,07:45:00,06:54:42,100.0,99.5,06:33:28,05:56:39,03:21:30,03:02:11,62.2,64.4,77.3,77.3,59.0,59.4,45,56
2022-03-12T21:59:59+09:00,2022-03-11 23:40:00,2022-03-12 08:31:00,08:51:00,00:05:00,08:46:00,07:04:08,99.1,99.4,07:51:17,06:12:49,03:52:04,03:26:34,64.4,63.5,79.3,77.5,64.0,60.3,45,52
2022-03-13T21:59:59+09:00,2022-03-13 01:18:00,2022-03-13 10:15:00,08:57:00,00:00:00,08:57:00,08:04:17,100.0,99.4,08:02:07,07:06:44,04:20:50,03:54:22,64.6,63.2,77.9,77.7,62.0,60.4,48,55
2022-03-14T21:59:59+09:00,2022-03-14 00:00:00,2022-03-14 06:27:00,06:27:00,00:00:00,06:27:00,07:52:34,100.0,99.4,05:54:49,06:56:50,03:52:12,03:55:07,63.5,63.4,79.9,78.5,61.0,60.4,61,52
2022-03-15T21:59:59+09:00,2022-03-15 00:14:00,2022-03-15 06:31:00,06:17:00,00:01:00,06:16:00,07:38:42,99.7,99.8,05:52:53,06:50:57,03:23:40,03:54:56,63.6,63.5,78.2,78.3,60.0,60.3,64,55
2022-03-16T21:59:59+09:00,2022-03-16 00:01:00,2022-03-16 06:31:00,06:30:00,00:00:00,06:30:00,07:33:08,100.0,99.8,06:00:27,06:44:46,03:07:12,03:40:05,64.0,63.6,82.5,78.8,65.0,61.4,51,53
2022-03-17T21:59:59+09:00,2022-03-16 22:34:00,2022-03-17 08:00:00,09:26:00,00:00:00,09:26:00,07:43:51,100.0,99.8,09:01:34,07:02:22,05:36:32,03:56:17,63.4,63.7,76.9,78.9,68.0,62.7,93,58
2022-03-18T21:59:59+09:00,2022-03-18 00:29:00,2022-03-18 07:04:00,06:35:00,00:09:00,06:26:00,07:32:34,97.7,99.5,05:46:24,06:55:39,03:05:17,03:53:58,63.0,63.8,78.7,79.1,57.7,62.5,55,60
2022-03-19T21:59:59+09:00,2022-03-19 01:27:00,2022-03-19 09:56:00,08:29:00,00:06:00,08:23:00,07:29:17,98.8,99.5,07:40:12,06:54:04,04:58:39,04:03:28,59.9,63.1,80.0,79.2,55.0,61.2,80,65
2022-03-20T21:59:59+09:00,2022-03-20 02:40:00,2022-03-20 10:23:00,07:43:00,00:00:00,07:43:00,07:18:42,100.0,99.5,07:11:16,06:46:48,04:37:48,04:05:54,60.0,62.5,78.3,79.2,59.0,60.8,51,65
2022-03-21T21:59:59+09:00,2022-03-21 00:02:00,2022-03-21 08:16:00,08:14:00,00:00:00,08:14:00,07:34:00,100.0,99.5,07:25:13,06:59:43,04:29:27,04:11:13,59.3,61.9,73.3,78.3,57.0,60.2,49,63
2022-03-22T21:59:59+09:00,2022-03-21 23:29:00,2022-03-22 06:34:00,07:05:00,00:12:00,06:53:00,07:39:17,97.2,99.1,06:11:12,07:02:20,03:49:27,04:14:54,61.7,61.6,78.1,78.3,57.0,59.8,101,69
2022-03-23T21:59:59+09:00,2022-03-23 00:14:00,2022-03-23 08:34:00,08:20:00,00:00:00,08:20:00,07:55:00,100.0,99.1,06:46:12,07:08:52,02:46:40,04:11:58,62.8,61.4,78.1,77.6,61.0,59.2,49,68
2022-03-24T21:59:59+09:00,2022-03-24 00:25:00,2022-03-24 06:27:00,06:02:00,00:00:00,06:02:00,07:25:51,100.0,99.1,05:16:07,06:36:40,03:01:00,03:49:45,62.2,61.3,76.1,77.5,53.0,57.1,57,63
2022-03-25T21:59:59+09:00,2022-03-25 00:15:00,2022-03-25 08:13:00,07:58:00,00:17:00,07:41:00,07:36:34,96.4,98.9,06:57:38,06:46:50,03:42:33,03:55:04,67.1,61.9,80.2,77.7,96.0,62.6,50,62
2022-03-26T21:59:59+09:00,2022-03-26 02:17:00,2022-03-26 10:02:00,07:45:00,00:00:00,07:45:00,07:31:08,100.0,99.1,06:34:47,06:37:29,03:21:30,03:41:12,62.6,62.2,78.1,77.5,60.0,63.3,50,58
2022-03-27T21:59:59+09:00,2022-03-27 02:35:00,2022-03-27 12:14:00,09:39:00,00:46:00,08:53:00,07:41:08,92.1,98.0,07:45:12,06:42:20,03:46:07,03:33:49,61.3,62.4,83.6,78.2,96.0,68.6,131,70
2022-03-28T21:59:59+09:00,2022-03-28 00:59:00,2022-03-28 09:02:00,08:03:00,00:01:00,08:02:00,07:39:25,99.8,97.9,06:46:07,06:36:45,04:08:46,03:30:51,62.0,62.8,73.2,78.2,60.0,69.0,53,70
2022-03-29T21:59:59+09:00,2022-03-29 01:33:00,2022-03-29 08:24:00,06:51:00,00:11:00,06:40:00,07:37:34,97.3,97.9,05:32:03,06:31:09,02:40:00,03:20:56,62.5,62.9,76.0,77.9,63.0,69.9,60,64
2022-03-30T21:59:59+09:00,2022-03-30 00:48:00,2022-03-30 07:47:00,06:59:00,00:00:00,06:59:00,07:26:00,100.0,97.9,05:49:49,06:23:06,03:37:16,03:28:10,63.1,63.0,78.0,77.9,60.0,69.7,93,71
2022-03-31T21:59:59+09:00,2022-03-31 01:15:00,2022-03-31 06:34:00,05:19:00,00:00:00,05:19:00,07:19:51,100.0,97.9,05:07:07,06:21:49,03:32:40,03:32:41,62.0,63.0,74.8,77.7,59.0,70.6,39,68
2022-04-01T21:59:59+09:00,2022-04-01 01:15:00,2022-04-01 08:45:00,07:30:00,00:00:00,07:30:00,07:18:17,100.0,98.5,06:25:30,06:17:14,02:45:00,03:24:28,64.0,62.5,74.2,76.8,60.0,65.4,62,70
2022-04-02T21:59:59+09:00,2022-04-02 01:18:00,2022-04-02 07:13:00,05:55:00,00:19:00,05:36:00,06:59:51,94.6,97.7,04:49:37,06:02:12,02:24:00,03:16:15,62.2,62.4,73.3,76.1,58.0,65.1,77,73
2022-04-03T21:59:59+09:00,2022-04-02 23:36:00,2022-04-03 10:42:00,11:06:00,01:45:00,09:21:00,07:03:51,84.2,96.6,08:08:06,06:05:29,03:32:16,03:14:16,64.8,62.9,77.2,75.2,64.0,60.6,73,65
2022-04-04T21:59:59+09:00,2022-04-04 00:20:00,2022-04-04 07:51:00,07:31:00,00:00:00,07:31:00,06:59:25,100.0,96.6,06:10:26,06:00:23,02:30:20,03:00:13,60.6,62.7,77.0,75.8,60.0,60.6,97,71
2022-04-05T21:59:59+09:00,2022-04-05 00:42:00,2022-04-05 08:00:00,07:18:00,00:50:00,06:28:00,06:57:42,88.6,95.4,05:03:28,05:56:18,00:29:51,02:41:37,72.2,64.1,76.4,75.8,67.0,61.1,27,67
2022-04-06T21:59:59+09:00,2022-04-06 01:15:00,2022-04-06 06:53:00,05:38:00,00:01:00,05:37:00,06:46:00,99.7,95.3,04:20:54,05:43:36,00:32:06,02:15:10,71.8,65.4,85.3,76.9,64.0,61.7,32,58
2022-04-07T21:59:59+09:00,2022-04-07 00:59:00,2022-04-07 03:56:00,02:57:00,00:07:00,02:50:00,06:24:42,96.0,94.7,02:26:41,05:20:40,01:42:00,01:59:21,71.8,66.8,76.4,77.1,69.0,63.1,23,56
2022-04-08T21:59:59+09:00,2022-04-08 00:27:00,2022-04-08 10:20:00,09:53:00,02:38:00,07:15:00,06:22:34,73.4,90.9,05:48:26,05:15:23,00:48:20,01:42:41,70.2,67.6,81.1,78.1,57.0,62.7,112,63
2022-04-09T21:59:59+09:00,2022-04-09 01:13:00,2022-04-09 11:00:00,09:47:00,00:00:00,09:47:00,06:58:25,100.0,91.7,08:27:36,05:46:31,03:15:40,01:50:04,70.8,68.9,81.5,79.3,65.0,63.7,70,62
2022-04-10T21:59:59+09:00,2022-04-10 02:45:00,2022-04-10 09:32:00,06:47:00,00:00:00,06:47:00,06:36:25,100.0,94.0,06:10:53,05:29:46,03:31:02,01:49:54,64.6,68.8,,,61.0,63.3,93,65
2022-04-12T21:59:59+09:00,2022-04-12 00:07:00,2022-04-12 08:30:00,08:23:00,00:04:00,08:19:00,06:43:17,99.2,93.8,07:32:12,05:41:27,04:17:04,02:05:09,62.3,69.1,77.0,80.2,55.0,62.6,74,62
2022-04-13T21:59:59+09:00,2022-04-13 02:16:00,2022-04-13 08:56:00,06:40:00,00:00:00,06:40:00,06:45:00,100.0,95.5,05:21:01,05:43:58,02:42:58,02:24:10,62.5,67.7,77.9,80.4,62.0,61.9,70,68
2022-04-14T21:59:59+09:00,2022-04-14 01:13:00,2022-04-14 08:24:00,07:11:00,00:01:00,07:10:00,06:58:17,99.8,95.5,06:09:16,05:59:26,03:58:53,02:53:42,61.7,66.3,76.8,79.2,62.0,61.6,71,73
2022-04-15T21:59:59+09:00,2022-04-15 02:07:00,2022-04-15 08:42:00,06:35:00,00:01:00,06:34:00,07:30:17,99.7,96.0,05:25:37,06:25:00,03:09:07,03:06:09,65.2,65.3,78.1,79.4,54.0,59.4,88,83
2022-04-16T21:59:59+09:00,2022-04-16 01:58:00,2022-04-16 11:00:00,09:02:00,00:00:00,09:02:00,07:45:34,100.0,99.8,08:02:15,06:44:07,01:30:20,03:12:09,63.7,64.4,79.3,79.2,,,,
2022-04-17T21:59:59+09:00,2022-04-17 04:15:00,2022-04-17 12:18:00,08:03:00,00:00:00,08:03:00,07:30:42,100.0,99.8,06:59:40,06:31:33,03:01:08,03:10:04,60.2,62.9,73.7,78.0,57.0,59.4,76,77
2022-04-18T21:59:59+09:00,2022-04-18 01:42:00,2022-04-18 09:29:00,07:47:00,00:12:00,07:35:00,07:37:34,97.4,99.5,06:05:48,06:30:50,03:25:29,03:09:17,60.3,62.3,77.2,77.2,60.0,58.7,84,79
2022-04-19T21:59:59+09:00,2022-04-19 01:36:00,2022-04-19 07:31:00,05:55:00,00:00:00,05:55:00,07:17:00,100.0,99.6,05:05:16,06:09:50,03:20:39,03:01:13,60.8,62.1,76.2,77.0,53.0,57.6,32,71
2022-04-20T21:59:59+09:00,2022-04-20 02:19:00,2022-04-20 08:15:00,05:56:00,00:04:00,05:52:00,07:10:08,98.9,99.4,04:56:27,06:06:20,01:52:00,02:53:56,60.9,61.8,77.2,76.9,58.0,58.0,39,66
2022-04-21T21:59:59+09:00,2022-04-21 01:10:00,2022-04-21 08:07:00,06:57:00,00:03:00,06:54:00,07:07:51,99.3,99.3,05:34:23,06:01:21,02:39:14,02:42:33,59.7,61.5,75.5,76.7,60.0,57.7,54,64
2022-04-22T21:59:59+09:00,2022-04-22 01:14:00,2022-04-22 09:00:00,07:46:00,00:23:00,07:23:00,07:14:51,95.1,98.7,06:26:14,06:10:00,04:04:25,02:50:27,63.8,61.3,81.3,77.2,67.0,58.4,45,60
2022-04-23T21:59:59+09:00,2022-04-23 03:46:00,2022-04-23 10:23:00,06:37:00,00:01:00,06:36:00,06:54:00,99.7,98.6,05:45:11,05:50:26,03:25:55,03:06:58,64.3,61.4,,,66.0,60.1,124,65
2022-04-24T21:59:59+09:00,2022-04-24 01:45:00,2022-04-24 15:45:00,14:00:00,00:00:00,14:00:00,07:45:00,100.0,98.6,,,,,,,95.6,79.5,136.0,71.4,,
2022-04-25T21:59:59+09:00,2022-04-25 00:00:00,2022-04-25 07:00:00,07:00:00,00:00:00,07:00:00,07:40:00,100.0,99.0,06:11:50,05:43:36,03:15:00,03:08:57,60.9,61.5,71.0,79.1,55.0,70.7,40,60
2022-04-26T21:59:59+09:00,2022-04-25 23:57:00,2022-04-26 08:00:00,08:34:00,00:00:00,08:34:00,08:02:42,100.0,99.0,06:53:46,05:50:27,04:08:49,03:15:08,62.3,61.8,85.0,80.3,62.0,72.0,35,53
2022-04-27T21:59:59+09:00,2022-04-27 00:56:00,2022-04-27 05:45:00,05:08:00,00:00:00,05:08:00,07:56:25,100.0,99.2,04:19:41,05:43:56,02:38:57,03:09:11,70.4,63.2,,,67.0,73.3,29,52
2022-04-30T21:59:59+09:00,2022-04-29 22:00:00,2022-04-30 01:45:00,03:45:00,00:00:00,03:45:00,07:29:25,100.0,99.3,,,,,,,,,,,,
2022-05-03T21:59:59+09:00,2022-05-02 23:00:00,2022-05-03 04:30:00,05:50:00,02:40:00,03:10:00,06:53:17,51.5,93.0,01:55:28,05:18:05,01:17:16,03:04:13,69.9,64.5,83.4,82.2,70.0,74.7,29,51
2022-05-04T21:59:59+09:00,2022-05-04 22:53:00,2022-05-04 23:15:00,00:22:00,00:00:00,00:22:00,05:59:51,100.0,93.1,00:01:02,04:30:27,,,76.4,66.9,83.4,83.3,67.0,74.7,55,51
2022-05-05T21:59:59+09:00,2022-05-05 03:32:00,2022-05-05 09:33:00,06:37:00,00:00:00,06:37:00,04:56:34,100.0,93.1,05:59:08,04:26:35,04:45:48,03:22:18,64.0,66.9,,,85.0,77.4,56,52
2022-05-07T21:59:59+09:00,2022-05-06 23:15:00,2022-05-07 08:00:00,08:45:00,00:00:00,08:45:00,05:11:34,100.0,93.1,,,,,,,,,,,,
2022-05-09T21:59:59+09:00,2022-05-09 01:06:00,2022-05-09 08:45:00,07:39:00,00:00:00,07:39:00,05:03:42,100.0,93.1,07:01:17,04:37:27,05:10:56,03:31:48,60.3,66.3,80.8,80.8,61.0,66.7,101,49
2022-05-10T21:59:59+09:00,2022-05-09 23:15:00,2022-05-10 07:15:00,09:48:59,00:54:00,08:54:59,05:36:08,94.2,92.2,06:59:07,04:44:13,05:08:01,03:46:23,58.2,65.9,77.7,81.8,51.0,66.1,89,56
2022-05-11T21:59:59+09:00,2022-05-10 22:16:00,2022-05-11 13:31:00,15:15:00,03:25:00,11:50:00,06:45:25,77.6,89.0,11:03:34,05:19:54,09:07:18,04:36:43,56.6,65.1,85.1,81.8,72.0,67.6,81,63
2022-05-12T21:59:59+09:00,2022-05-12 00:00:00,2022-05-12 09:19:00,09:19:00,00:00:00,09:19:00,07:38:08,100.0,96.0,08:30:34,05:55:44,05:32:23,04:48:39,59.7,63.6,80.4,81.4,56.0,66.0,70,69
2022-05-13T21:59:59+09:00,2022-05-12 23:26:00,2022-05-13 07:30:00,08:04:00,02:25:00,05:39:00,08:23:25,70.0,91.7,04:14:39,06:15:37,02:42:43,04:49:12,62.5,62.5,75.9,80.3,54.0,63.7,90,77
2022-05-14T21:59:59+09:00,2022-05-14 02:07:00,2022-05-14 12:16:00,10:09:00,00:21:00,09:48:00,08:50:42,96.6,91.2,09:10:04,07:34:03,06:36:54,05:34:51,60.4,60.3,82.5,80.2,62.0,63.0,49,77
2022-05-15T21:59:59+09:00,2022-05-14 23:40:00,2022-05-15 02:02:00,02:22:00,01:08:00,01:14:00,07:46:17,52.1,84.4,00:27:18,06:46:39,,,69.3,61.0,,,63.0,59.9,38,74
2022-05-17T21:59:59+09:00,2022-05-16 22:00:00,2022-05-17 01:00:00,03:00:00,00:00:00,03:00:00,07:06:25,100.0,84.4,,,,,,,83.3,80.8,,,37,65
2022-05-18T21:59:59+09:00,2022-05-17 23:27:00,2022-05-18 08:45:00,09:18:00,01:44:00,07:34:00,06:54:51,81.4,82.5,06:36:51,06:43:10,04:57:56,05:36:35,66.0,61.8,87.3,81.7,65.0,60.4,68,62
2022-05-19T21:59:59+09:00,2022-05-18 23:30:00,2022-05-19 02:00:00,02:30:00,00:00:00,02:30:00,05:34:51,100.0,85.7,01:41:28,05:57:47,01:00:00,05:00:45,75.9,64.3,,,68.0,62.9,31,55
2022-05-20T21:59:59+09:00,2022-05-19 22:00:00,2022-05-20 09:00:00,16:29:59,01:45:00,14:44:59,06:21:25,100.0,85.7,,,,,,,89.7,83.4,92.0,65.7,,
2022-05-21T21:59:59+09:00,2022-05-21 02:49:00,2022-05-21 13:00:00,10:11:00,00:19:00,09:52:00,06:57:34,96.9,89.6,09:07:41,05:41:14,07:20:12,05:19:38,62.6,65.2,79.8,82.7,66.0,67.1,66,54
2022-05-22T21:59:59+09:00,2022-05-22 01:30:00,2022-05-22 03:00:00,02:16:00,00:00:00,02:16:00,05:52:59,100.0,90.1,01:03:10,04:37:19,,,72.3,67.0,88.3,83.8,68.0,69.1,,
2022-05-23T21:59:59+09:00,2022-05-22 23:43:00,2022-05-23 07:45:00,09:20:00,00:24:00,08:56:00,06:58:59,100.0,96.9,07:15:52,05:03:12,05:06:44,04:45:16,60.0,66.6,86.9,85.4,61.0,69.0,94,55
2022-05-24T21:59:59+09:00,2022-05-24 00:01:00,2022-05-24 08:30:00,08:29:00,00:00:00,08:29:00,07:45:59,100.0,96.9,07:57:16,04:52:48,05:44:19,04:46:58,59.0,66.4,85.9,85.9,71.0,70.1,67,58
2022-05-25T21:59:59+09:00,2022-05-25 00:30:00,2022-05-25 07:45:00,07:15:00,00:00:00,07:15:00,07:43:17,100.0,99.6,07:03:27,05:49:23,05:30:00,05:10:52,60.1,65.1,84.7,86.1,74.0,71.4,69,62
2022-05-26T21:59:59+09:00,2022-05-25 23:38:00,2022-05-26 11:30:00,11:52:00,03:22:00,08:30:00,08:34:42,71.6,95.5,06:18:51,05:46:49,04:15:00,04:50:35,64.9,65.0,84.0,85.6,64.0,70.9,45,63
2022-05-27T21:59:59+09:00,2022-05-27 00:15:00,2022-05-27 08:15:00,08:34:00,00:00:00,08:34:00,07:41:42,100.0,95.5,07:50:17,06:39:30,06:00:00,04:59:27,63.4,63.2,80.3,84.3,65.0,67.0,66,63
2022-05-28T21:59:59+09:00,2022-05-28 02:11:00,2022-05-28 09:00:00,06:49:00,01:00:00,05:49:00,07:07:00,85.3,93.9,05:50:08,06:11:17,05:05:22,05:34:31,62.2,63.1,82.8,84.7,64.0,66.7,54,66
2022-05-29T21:59:59+09:00,2022-05-29 02:50:00,2022-05-29 10:45:00,07:55:00,00:00:00,07:55:00,07:55:25,100.0,93.9,06:55:10,07:01:34,,,81.4,64.4,90.0,84.9,78.0,68.1,23,60
2022-05-30T21:59:59+09:00,2022-05-29 22:31:00,2022-05-30 02:00:00,04:00:00,00:00:00,04:00:00,07:13:08,100.0,93.9,03:57:22,06:33:13,03:14:39,04:59:26,66.7,65.4,78.5,83.7,63.0,68.4,40,52
2022-05-31T21:59:59+09:00,2022-05-30 22:45:00,2022-05-31 07:12:00,08:27:00,00:00:00,08:27:00,07:12:51,100.0,93.9,07:51:44,06:32:25,04:43:19,04:56:05,64.2,66.1,87.1,83.9,58.0,66.6,68,52
2022-06-01T21:59:59+09:00,2022-06-01 00:00:00,2022-06-01 09:30:00,09:30:00,01:19:00,08:11:00,07:20:51,86.1,91.9,06:35:51,06:28:29,04:05:30,04:41:58,69.1,67.4,86.5,84.2,73.0,66.4,48,49
2022-06-02T21:59:59+09:00,2022-06-01 22:00:00,2022-06-02 03:30:00,05:30:00,00:40:00,04:50:00,06:49:25,87.9,94.2,04:55:06,06:16:31,04:21:00,04:32:07,63.2,67.2,,,62.0,66.1,41,49
2022-06-11T21:59:59+09:00,2022-06-11 00:53:00,2022-06-11 14:15:00,13:22:00,03:00:00,10:22:00,07:04:51,77.6,91.0,09:30:36,06:30:51,05:03:25,04:39:02,65.4,67.5,80.0,82.8,59.0,65.3,68,49
2022-06-12T21:59:59+09:00,2022-06-11 22:54:00,2022-06-12 07:45:00,08:51:00,03:01:00,05:50:00,07:05:00,65.9,88.2,04:54:26,06:22:53,03:38:45,04:18:51,63.9,67.7,,,59.0,64.6,44,48
2022-06-13T21:59:59+09:00,2022-06-12 22:00:00,2022-06-13 18:00:00,20:00:00,03:45:00,16:15:00,08:16:25,81.2,85.5,,,,,,,77.6,82.1,,,,
2022-06-14T21:59:59+09:00,2022-06-14 00:52:00,2022-06-14 02:15:00,01:23:00,00:00:00,01:23:00,07:54:00,100.0,85.5,01:09:36,05:33:32,00:55:20,03:43:08,62.3,65.0,,,60.0,62.0,43,50
2022-06-16T21:59:59+09:00,2022-06-16 01:08:00,2022-06-16 10:15:00,11:40:00,01:11:00,10:29:00,08:11:25,88.1,83.8,08:33:45,06:13:01,04:24:38,03:53:08,64.8,64.7,77.4,79.8,73.0,63.4,79,56
2022-06-17T21:59:59+09:00,2022-06-17 00:29:00,2022-06-17 14:01:00,13:32:00,03:44:00,09:48:00,08:25:17,72.4,81.9,07:45:12,06:12:05,05:44:12,04:01:50,62.6,64.5,79.0,78.6,77.0,66.1,105,61
2022-06-18T21:59:59+09:00,2022-06-18 01:11:00,2022-06-18 13:30:00,14:13:00,03:27:00,10:46:00,09:16:08,72.0,79.6,08:46:05,06:30:41,05:01:57,04:09:53,59.9,63.1,,,75.0,66.4,77,65
2022-06-19T21:59:59+09:00,2022-06-18 23:15:00,2022-06-19 14:30:00,18:15:00,00:30:00,17:45:00,10:19:25,100.0,82.8,,,,,,,75.9,77.1,82.0,69.3,32,64
2022-06-20T21:59:59+09:00,2022-06-19 23:06:00,2022-06-20 10:35:00,11:29:00,01:54:00,09:35:00,10:51:34,83.5,85.3,08:10:11,06:58:33,05:48:02,04:22:19,58.8,62.5,,,66.0,70.3,49,61